-- MySQL dump 10.14  Distrib 5.5.60-MariaDB, for Linux (x86_64)
--
-- Host: localhost    Database: auto_accounting
-- ------------------------------------------------------
-- Server version	5.5.60-MariaDB

/*!40101 SET @OLD_CHARACTER_SET_CLIENT=@@CHARACTER_SET_CLIENT */;
/*!40101 SET @OLD_CHARACTER_SET_RESULTS=@@CHARACTER_SET_RESULTS */;
/*!40101 SET @OLD_COLLATION_CONNECTION=@@COLLATION_CONNECTION */;
/*!40101 SET NAMES utf8 */;
/*!40103 SET @OLD_TIME_ZONE=@@TIME_ZONE */;
/*!40103 SET TIME_ZONE='+00:00' */;
/*!40014 SET @OLD_UNIQUE_CHECKS=@@UNIQUE_CHECKS, UNIQUE_CHECKS=0 */;
/*!40014 SET @OLD_FOREIGN_KEY_CHECKS=@@FOREIGN_KEY_CHECKS, FOREIGN_KEY_CHECKS=0 */;
/*!40101 SET @OLD_SQL_MODE=@@SQL_MODE, SQL_MODE='NO_AUTO_VALUE_ON_ZERO' */;
/*!40111 SET @OLD_SQL_NOTES=@@SQL_NOTES, SQL_NOTES=0 */;

--
-- Table structure for table `DServerAPP_cdkey`
--

DROP TABLE IF EXISTS `DServerAPP_cdkey`;
/*!40101 SET @saved_cs_client     = @@character_set_client */;
/*!40101 SET character_set_client = utf8 */;
CREATE TABLE `DServerAPP_cdkey` (
  `cdkey` varchar(50) NOT NULL DEFAULT '',
  `key_type` tinyint(4) DEFAULT NULL,
  `status` tinyint(4) DEFAULT NULL,
  `create_time` int(11) DEFAULT NULL,
  PRIMARY KEY (`cdkey`)
) ENGINE=InnoDB DEFAULT CHARSET=utf8mb4;
/*!40101 SET character_set_client = @saved_cs_client */;

--
-- Dumping data for table `DServerAPP_cdkey`
--

LOCK TABLES `DServerAPP_cdkey` WRITE;
/*!40000 ALTER TABLE `DServerAPP_cdkey` DISABLE KEYS */;
INSERT INTO `DServerAPP_cdkey` VALUES ('3bab6334',1,0,1539314628),('3bac7bde',1,1,1539314628),('3bace790',1,0,1539314628),('3bad4ca8',1,1,1539314628),('3badb13e',1,0,1539314628),('3bae12be',1,1,1539314628),('3bb0895e',1,0,1539314628),('3bb1053c',1,1,1539314628),('3bb1727e',1,1,1539314628),('3bb1d0c0',1,0,1539314628),('3eb1829c',1,1,1539437469),('3eb28e4e',1,1,1539437469),('3eb33c72',1,0,1539437469),('3eb3c0ca',1,1,1539437469),('3eb444aa',1,0,1539437469),('3eb4b8a4',1,1,1539437469),('3eb52e10',1,1,1539437469),('3eb5adf4',1,0,1539437469),('3eb65baa',1,0,1539437469),('3eb6dd8c',1,0,1539437469),('453ccb50',1,0,1539333542),('453eb528',1,0,1539333542),('453f3944',1,0,1539333542),('453fb0cc',1,0,1539333542),('45402ee4',1,0,1539333542),('4540a3f6',1,0,1539333542),('45411732',1,0,1539333542),('45419478',1,0,1539333542),('4542151a',1,0,1539333542),('45429de6',1,0,1539333542),('495367ce',2,0,1539437487),('49542c4a',2,0,1539437487),('4954c2ae',2,0,1539437487),('49553d4c',2,0,1539437487),('4955b268',2,0,1539437487),('49562ce8',2,0,1539437487),('4956a394',2,0,1539437487),('49571a9a',2,0,1539437487),('4957af14',2,0,1539437487),('495831e6',2,0,1539437487),('4bf109c4',1,0,1539314655),('4bf22d22',1,0,1539314655),('4bf2bf44',1,0,1539314655),('4bf3364a',1,0,1539314655),('4bf3aff8',1,0,1539314655),('4bf427da',1,0,1539314655),('4bf49a62',1,0,1539314655),('4bf5309e',1,0,1539314655),('4bf5aa92',1,0,1539314655),('4bf61ff4',1,0,1539314655),('4bf6a7b2',1,0,1539314655),('4bf72502',1,0,1539314655),('4bf7a4be',1,0,1539314655),('4bf813ea',1,0,1539314655),('4bf983ce',1,0,1539314655),('4bfa1bf4',1,0,1539314655),('4bfaa326',1,0,1539314655),('4bfb1054',1,0,1539314655),('4bfb861a',1,0,1539314655),('4bfbfab4',1,0,1539314655),('4bfd306e',1,0,1539314655),('4bfdb7e6',1,0,1539314655),('4bfe2f00',1,0,1539314655),('4bfe9832',1,0,1539314655),('4bff022c',1,0,1539314655),('4bff7414',1,0,1539314655),('4bffe1c4',1,0,1539314655),('4c0060c2',1,0,1539314655),('4c00e696',1,0,1539314655),('4c015bc6',1,0,1539314655),('4c01db8c',1,0,1539314655),('4c0260b6',1,0,1539314655),('4c02d50a',1,0,1539314655),('4c034526',1,0,1539314655),('4c03baf6',1,0,1539314655),('4c042fe0',1,0,1539314655),('4c04b0c8',1,0,1539314655),('4c051b08',1,0,1539314655),('4c05a37a',1,0,1539314655),('4c062480',1,0,1539314655),('4c06976c',1,0,1539314655),('4c070cd8',1,0,1539314655),('4c077e7a',1,0,1539314655),('4c07f8be',1,0,1539314655),('4c08b006',1,0,1539314655),('4c0938d2',1,0,1539314655),('4c09bc30',1,0,1539314655),('4c0a51ea',1,0,1539314655),('4c0ada48',1,0,1539314655),('4c0b6134',1,0,1539314655),('4c0be4a6',1,0,1539314655),('4c0c49d2',1,0,1539314655),('4c0cb174',1,0,1539314655),('4c0d12e0',1,0,1539314655),('4c0d89f0',1,0,1539314655),('4c0debd4',1,0,1539314655),('4c0e4b92',1,0,1539314655),('4c0ec838',1,0,1539314655),('4c0f3c8c',1,0,1539314655),('4c0fa532',1,0,1539314655),('4c101508',1,0,1539314655),('4c10a55e',1,0,1539314655),('4c111a66',1,0,1539314655),('4c11b4d0',1,0,1539314655),('4c12426a',1,0,1539314655),('4c12c032',1,0,1539314655),('4c13309e',1,0,1539314655),('4c13a772',1,0,1539314655),('4c14230a',1,0,1539314655),('4c14ada2',1,1,1539314655),('4c152fc0',1,0,1539314655),('4c15bb34',1,0,1539314655),('4c163776',1,1,1539314655),('4c16ae04',1,0,1539314655),('4c1726fe',1,0,1539314655),('4c17a2d2',1,0,1539314655),('4c1827c0',1,0,1539314655),('4c189c8c',1,0,1539314655),('4c1920e4',1,0,1539314655),('4c19a096',1,0,1539314655),('4c1a22aa',1,0,1539314655),('4c1a9b86',1,0,1539314655),('4c1b0896',1,1,1539314655),('4c1b85aa',1,0,1539314655),('4c1befae',1,0,1539314655),('4c1cb6fa',1,0,1539314655),('4c1d3468',1,0,1539314655),('4c1ddb70',1,0,1539314655),('4c1e727e',1,0,1539314655),('4c1f1b98',1,0,1539314655),('4c1fa28e',1,0,1539314655),('4c203154',1,0,1539314655),('4c20a86e',1,0,1539314655),('4c211524',1,0,1539314655),('4c2181f8',1,0,1539314655),('4c21f584',1,0,1539314655),('4c225844',1,0,1539314655),('4c22d008',1,0,1539314655),('4c233714',1,0,1539314655),('4c23aec4',1,0,1539314655),('4c4e325a',3,1,1539762191),('590868d6',1,0,1539325844),('59096ba0',1,0,1539325844),('5909f390',1,0,1539325844),('590a72ca',1,0,1539325844),('590b09ce',1,0,1539325844),('590ba2b2',1,0,1539325844),('590c26a6',1,0,1539325844),('590ca572',1,0,1539325844),('590d32bc',1,0,1539325844),('59103ffc',1,0,1539325844),('6f5f06be',2,0,1539325022),('6f5fcc2a',2,0,1539325022),('6f605ff0',2,1,1539325022),('6f60e538',2,0,1539325022),('6f616530',2,0,1539325022),('6f61dc5e',2,0,1539325022),('6f6252e2',2,0,1539325022),('6f62ce98',2,0,1539325022),('6f634698',2,0,1539325022),('6f63c154',2,0,1539325022),('7754628e',1,0,1539878657),('775606ac',1,0,1539878657),('7756b5e8',1,0,1539878657),('77573bee',1,0,1539878657),('7757d888',1,0,1539878657),('77587428',1,0,1539878657),('775910f4',1,0,1539878657),('775b3712',1,0,1539878657),('775bce84',1,0,1539878657),('775c6a7e',1,0,1539878657),('7cc6ddd6',3,0,1539325045),('7cc79686',3,0,1539325045),('7cc81c46',3,1,1539325045),('7cc89950',3,1,1539325045),('7cc918b2',3,0,1539325045),('7cc98f04',3,0,1539325045),('7cca0682',3,1,1539325045),('7cca9994',3,1,1539325045),('7ccb1090',3,0,1539325045),('7ccb92c2',3,0,1539325045),('8abf3600',1,0,1539878690),('8abfba44',1,0,1539878690),('8ac03168',1,0,1539878690),('8ac0b3ea',1,0,1539878690),('8ac130fe',1,0,1539878690),('8ac19af8',1,0,1539878690),('8ac209d4',1,0,1539878690),('8ac278a6',1,0,1539878690),('8ac2ea20',1,0,1539878690),('8ac35a32',1,0,1539878690),('929fa734',3,0,1539762309),('92a178ac',3,0,1539762309),('92a20d80',3,0,1539762309),('92a2f614',3,0,1539762309),('92a3c602',3,0,1539762309),('92a4f25c',3,0,1539762309),('92a65b4c',3,0,1539762309),('92a6eb02',3,0,1539762309),('92a77e1e',3,0,1539762309),('92a8819c',3,0,1539762309),('98041a6a',1,0,1539762748),('9804e01c',1,0,1539762748),('9805a9f2',1,0,1539762748),('9806f424',1,0,1539762748),('9807aed2',1,0,1539762748),('9808ce98',1,0,1539762748),('9809b9b6',1,0,1539762748),('980af510',1,0,1539762748),('980b8b06',1,0,1539762748),('980c60b2',1,0,1539762748),('ba077718',1,0,1539574685),('ba0818ee',1,0,1539574685),('ba088ca2',1,0,1539574685),('ba091708',1,0,1539574685),('ba098fd0',1,0,1539574685),('ba0cc6a0',1,0,1539574685),('ba0d4eae',1,0,1539574685),('ba0ddd06',1,0,1539574685),('ba0e600a',1,0,1539574685),('ba0ee9d0',1,0,1539574685),('ff3c0770',1,0,1539766786),('ff3cfc84',1,0,1539766786),('ff3d7dda',1,0,1539766786),('ff3dfc74',1,0,1539766786),('ff3eaa7a',1,0,1539766786),('ff3f27d4',1,0,1539766786),('ff3fa1be',1,0,1539766786),('ff402ff8',1,0,1539766786),('ff40a3c0',1,0,1539766786),('ff411760',1,0,1539766786);
/*!40000 ALTER TABLE `DServerAPP_cdkey` ENABLE KEYS */;
UNLOCK TABLES;

--
-- Table structure for table `DServerAPP_choice`
--

DROP TABLE IF EXISTS `DServerAPP_choice`;
/*!40101 SET @saved_cs_client     = @@character_set_client */;
/*!40101 SET character_set_client = utf8 */;
CREATE TABLE `DServerAPP_choice` (
  `id` int(11) NOT NULL AUTO_INCREMENT,
  `choice_text` varchar(200) DEFAULT NULL,
  `votes` int(11) NOT NULL,
  `question_id` int(11) NOT NULL,
  PRIMARY KEY (`id`),
  KEY `DServerAPP_choice_question_id_56e4b483_fk_DServerAPP_question_id` (`question_id`),
  CONSTRAINT `DServerAPP_choice_question_id_56e4b483_fk_DServerAPP_question_id` FOREIGN KEY (`question_id`) REFERENCES `DServerAPP_question` (`id`)
) ENGINE=InnoDB DEFAULT CHARSET=utf8mb4;
/*!40101 SET character_set_client = @saved_cs_client */;

--
-- Dumping data for table `DServerAPP_choice`
--

LOCK TABLES `DServerAPP_choice` WRITE;
/*!40000 ALTER TABLE `DServerAPP_choice` DISABLE KEYS */;
/*!40000 ALTER TABLE `DServerAPP_choice` ENABLE KEYS */;
UNLOCK TABLES;

--
-- Table structure for table `DServerAPP_clubs`
--

DROP TABLE IF EXISTS `DServerAPP_clubs`;
/*!40101 SET @saved_cs_client     = @@character_set_client */;
/*!40101 SET character_set_client = utf8 */;
CREATE TABLE `DServerAPP_clubs` (
  `uuid` char(32) CHARACTER SET latin1 NOT NULL,
  `user_name` varchar(20) DEFAULT NULL,
  `password` varchar(20) DEFAULT NULL,
  `expired_time` decimal(19,6) NOT NULL,
  `cost_mode` int(11) NOT NULL,
  `cost_param` varchar(200) DEFAULT NULL,
  `profit` int(11) NOT NULL,
  PRIMARY KEY (`uuid`)
) ENGINE=InnoDB DEFAULT CHARSET=utf8mb4;
/*!40101 SET character_set_client = @saved_cs_client */;

--
-- Dumping data for table `DServerAPP_clubs`
--

LOCK TABLES `DServerAPP_clubs` WRITE;
/*!40000 ALTER TABLE `DServerAPP_clubs` DISABLE KEYS */;
INSERT INTO `DServerAPP_clubs` VALUES ('057ec860cd1411e8acea525400bb9a83','qudao','clear123',1541925577.357132,0,'200|50',300),('6780acf8d10711e8b1b8525400bb9a83','test','clear123',1539669036.626322,0,'none',0),('6c10d01ccb9011e88e0d525400bb9a83','nathan123','12345',1539068178.357081,1,'10',0),('7b3e5c7cd10711e8befa525400bb9a83','test1','clear123',1539669069.746119,0,'none',0),('7cf6be1cbf0111e881a63497f629cee7','18811333964','34weah324n',1545467125.197402,0,'100|20_100|15',937),('8497011ad16211e8bde2525400bb9a83','15277776177','z5610214',1539708169.628942,0,'none',0),('abbd86f4beff11e8b1773497f629cee7','balana608','18811333964',1537686594.206284,0,'none',0),('ae902ddad10711e89382525400bb9a83','test2','clear123',1539669155.846122,0,'none',0);
/*!40000 ALTER TABLE `DServerAPP_clubs` ENABLE KEYS */;
UNLOCK TABLES;

--
-- Table structure for table `DServerAPP_gameid`
--

DROP TABLE IF EXISTS `DServerAPP_gameid`;
/*!40101 SET @saved_cs_client     = @@character_set_client */;
/*!40101 SET character_set_client = utf8 */;
CREATE TABLE `DServerAPP_gameid` (
  `id` int(11) NOT NULL AUTO_INCREMENT,
  `game_nick_name` varchar(200) DEFAULT NULL,
  `gameid` varchar(200) DEFAULT NULL,
  `player_id` int(11) NOT NULL,
  PRIMARY KEY (`id`),
  KEY `DServerAPP_gameid_player_id_3bc460dc_fk_DServerAPP_player_id` (`player_id`),
  CONSTRAINT `DServerAPP_gameid_player_id_3bc460dc_fk_DServerAPP_player_id` FOREIGN KEY (`player_id`) REFERENCES `DServerAPP_player` (`id`)
) ENGINE=InnoDB AUTO_INCREMENT=10 DEFAULT CHARSET=utf8mb4;
/*!40101 SET character_set_client = @saved_cs_client */;

--
-- Dumping data for table `DServerAPP_gameid`
--

LOCK TABLES `DServerAPP_gameid` WRITE;
/*!40000 ALTER TABLE `DServerAPP_gameid` DISABLE KEYS */;
INSERT INTO `DServerAPP_gameid` VALUES (1,'风轻舞','687056',1),(2,'创世纪','554895',2),(3,'稳稳的幸福','679949',3),(4,'严某某','462464',4),(5,'八弟','565838',5),(6,'风之子','139954',6),(7,'江','462671',7),(8,'庄','452871',8),(9,'A庄斌为','486599',9);
/*!40000 ALTER TABLE `DServerAPP_gameid` ENABLE KEYS */;
UNLOCK TABLES;

--
-- Table structure for table `DServerAPP_historygame`
--

DROP TABLE IF EXISTS `DServerAPP_historygame`;
/*!40101 SET @saved_cs_client     = @@character_set_client */;
/*!40101 SET character_set_client = utf8 */;
CREATE TABLE `DServerAPP_historygame` (
  `id` int(11) NOT NULL AUTO_INCREMENT,
  `room_id` varchar(10) DEFAULT NULL,
  `hoster_name` varchar(20) DEFAULT NULL,
  `round_number` int(11) NOT NULL,
  `start_time` varchar(20) DEFAULT NULL,
  `club_id` char(32) CHARACTER SET latin1 NOT NULL,
  `hoster_id` int(11) NOT NULL,
  `player_data` varchar(1000) DEFAULT NULL,
  `create_time` datetime(6) NOT NULL,
  `score` int(11) DEFAULT '0',
  `cost` int(11) DEFAULT '0',
  PRIMARY KEY (`id`),
  KEY `DServerAPP_historygame_club_id_bee2cfcd_fk_DServerAPP_clubs_uuid` (`club_id`),
  CONSTRAINT `DServerAPP_historygame_club_id_bee2cfcd_fk_DServerAPP_clubs_uuid` FOREIGN KEY (`club_id`) REFERENCES `DServerAPP_clubs` (`uuid`)
) ENGINE=InnoDB AUTO_INCREMENT=19 DEFAULT CHARSET=utf8mb4;
/*!40101 SET character_set_client = @saved_cs_client */;

--
-- Dumping data for table `DServerAPP_historygame`
--

LOCK TABLES `DServerAPP_historygame` WRITE;
/*!40000 ALTER TABLE `DServerAPP_historygame` DISABLE KEYS */;
INSERT INTO `DServerAPP_historygame` VALUES (2,'201681','五同三刀驾驾驾',10,'10-1919:30','7cf6be1cbf0111e881a63497f629cee7',652536,'[{\"name\": \"\\u5c0f\", \"id\": 139389, \"score\": 535}, {\"name\": \"\\u661f\\u68a6.\\u989c\\u52c7\", \"id\": 463937, \"score\": 254}, {\"name\": \"\\u963f\\u6e05\", \"id\": 634172, \"score\": 169}, {\"name\": \"\", \"id\": 637665, \"score\": 106}, {\"name\": \" Love.JY\", \"id\": 637281, \"score\": -65}, {\"name\": \"\\u5200\\u25c6\", \"id\": 652536, \"score\": -86}, {\"name\": \"\\u52aa\\u529b\\u524d\\u8fdb\", \"id\": 647561, \"score\": -146}, {\"name\": \"\\u51b7\\u773c\\u770b\\u4f60\\u88c5\", \"id\": 615325, \"score\": -361}, {\"name\": \"\\u5b89\\u8054\\u76db\", \"id\": 669521, \"score\": -406}]','2018-10-19 12:25:11.034079',0,0),(3,'303764','五同三刀驾驾驾',10,'10-1919:43','7cf6be1cbf0111e881a63497f629cee7',652536,'[{\"name\": \"\", \"id\": 637665, \"score\": 713}, {\"name\": \"\\u4e94\\u540c\\u4e09\\u5200\", \"id\": 652536, \"score\": 191}, {\"name\": \"\\u51b7\\u773c\\u770b\\u4f60\\u88c5\", \"id\": 615325, \"score\": 171}, {\"name\": \"\\u96c4\\u54e5\", \"id\": 671006, \"score\": 164}, {\"name\": \"\\u52aa\\u529b\\u524d\\u8fdb\", \"id\": 647561, \"score\": -95}, {\"name\": \"\\u6c5f\", \"id\": 462671, \"score\": -166}, {\"name\": \"2018\", \"id\": 485333, \"score\": -249}, {\"name\": \"\\u5f3a\", \"id\": 457110, \"score\": -355}, {\"name\": \"\\u963f\\u6e05\", \"id\": 634172, \"score\": -374}]','2018-10-19 12:25:14.523296',0,0),(4,'201433','五同三刀驾驾驾',10,'10-1919:56','7cf6be1cbf0111e881a63497f629cee7',0,'[{\"name\": \"\\u7fc1\\u54e5\", \"id\": 667328, \"score\": 527}, {\"name\": \"\", \"id\": 637665, \"score\": 460}, {\"name\": \"\\u6c5f\", \"id\": 462671, \"score\": 459}, {\"name\": \" Love.JY\", \"id\": 637281, \"score\": 10}, {\"name\": \"\\u5f3a\", \"id\": 457110, \"score\": -88}, {\"name\": \"\\u963f\\u6e05\", \"id\": 634172, \"score\": -247}, {\"name\": \"\\u96c4\\u54e5\", \"id\": 671006, \"score\": -283}, {\"name\": \"\\u4e94\\u540c\\u4e09\\u5200\", \"id\": 652536, \"score\": -328}, {\"name\": \"\\u51b7\\u773c\\u770b\\u4f60\\u88c5\", \"id\": 615325, \"score\": -510}]','2018-10-19 12:25:17.148133',0,0),(5,'206494','刺骨',10,'10-1921:32','7cf6be1cbf0111e881a63497f629cee7',469630,'[{\"name\": \"\\u523a\\u9aa8\", \"id\": 469630, \"score\": 434}, {\"name\": \" Zovin Y\", \"id\": 7304, \"score\": 295}, {\"name\": \"\\u6b64\\u751f\\u76f8\\u8bc6\\u3001\\u843d\\u5e55\", \"id\": 654912, \"score\": 203}, {\"name\": \" Supreme\", \"id\": 599949, \"score\": 151}, {\"name\": \"\\u826f\\u4eba\\u3002\", \"id\": 639073, \"score\": -2}, {\"name\": \"\", \"id\": 637665, \"score\": -4}, {\"name\": \"\\u65b9\\u5411\\u6807\", \"id\": 120235, \"score\": -256}, {\"name\": \"\\u5e84\", \"id\": 452871, \"score\": -300}, {\"name\": \"\\u5e84\\u658c\\u4e3a\", \"id\": 486599, \"score\": -521}]','2018-10-19 12:47:00.541553',0,0),(6,'109312','孩子气',10,'10-1914:37','7cf6be1cbf0111e881a63497f629cee7',0,'[{\"name\": \"\\u5ff5\\u65e7\\u3002\", \"id\": 114025, \"score\": 387}, {\"name\": \"\\u5f3a\", \"id\": 457110, \"score\": 341}, {\"name\": \"\\u963f\\u6e05\", \"id\": 634172, \"score\": 192}, {\"name\": \"\\u5b69\\u5b50\\u6c14\\u3001\", \"id\": 519785, \"score\": 179}, {\"name\": \"2018\", \"id\": 485333, \"score\": 14}, {\"name\": \" Love.JY\", \"id\": 637281, \"score\": 14}, {\"name\": \"\\u6c5f\", \"id\": 462671, \"score\": -197}, {\"name\": \"\\u51b7\\u773c\\u770b\\u4f60\\u88c5\", \"id\": 615325, \"score\": -423}, {\"name\": \"\\u661f\\u68a6.\\u989c\\u52c7\", \"id\": 463937, \"score\": -507}]','2018-10-19 12:52:56.154662',0,0),(7,'105383','五同三刀驾驾驾',10,'10-1920:22','7cf6be1cbf0111e881a63497f629cee7',652536,'[{\"name\": \"\\u661f\\u68a6.\\u989c\\u52c7\", \"id\": 463937, \"score\": 699}, {\"name\": \"\\u6c5f\", \"id\": 462671, \"score\": 395}, {\"name\": \"\\u96c4\\u54e5\", \"id\": 671006, \"score\": 330}, {\"name\": \" Love.JY\", \"id\": 637281, \"score\": 186}, {\"name\": \"\\u4e94\\u540c\\u4e09\\u5200\", \"id\": 652536, \"score\": 5}, {\"name\": \"\\u7fc1\\u54e5\", \"id\": 667328, \"score\": -11}, {\"name\": \"\\u5f3a\", \"id\": 457110, \"score\": -355}, {\"name\": \"\\u51b7\\u773c\\u770b\\u4f60\\u88c5\", \"id\": 615325, \"score\": -512}, {\"name\": \"\\u5b69\\u5b50\\u6c14\\u3001\", \"id\": 519785, \"score\": -737}]','2018-10-19 12:54:04.337800',0,0),(18,'206035','风之子',10,'10-1223:25','057ec860cd1411e8acea525400bb9a83',0,'[{\"name\": \"\\u98ce\\u8f7b\\u821e\", \"id\": 687056, \"score\": 270}, {\"name\": \"\\u521b\\u4e16\\u7eaa\", \"id\": 554895, \"score\": 244}, {\"name\": \"\\u7a33\\u7a33\\u7684\\u5e78\\u798f\", \"id\": 679949, \"score\": 99}, {\"name\": \"\\u4e25\\u67d0\\u67d0\", \"id\": 462464, \"score\": -22}, {\"name\": \"\\u516b\\u5f1f\", \"id\": 565838, \"score\": -36}, {\"name\": \"\\u98ce\\u4e4b\\u5b50\", \"id\": 139954, \"score\": -113}, {\"name\": \"\\u6c5f\", \"id\": 462671, \"score\": -120}, {\"name\": \"\\u5e84\", \"id\": 452871, \"score\": -125}, {\"name\": \"A\\u5e84\\u658c\\u4e3a\", \"id\": 486599, \"score\": -197}]','2018-10-21 07:12:15.734805',220,50);
/*!40000 ALTER TABLE `DServerAPP_historygame` ENABLE KEYS */;
UNLOCK TABLES;

--
-- Table structure for table `DServerAPP_player`
--

DROP TABLE IF EXISTS `DServerAPP_player`;
/*!40101 SET @saved_cs_client     = @@character_set_client */;
/*!40101 SET character_set_client = utf8 */;
CREATE TABLE `DServerAPP_player` (
  `id` int(11) NOT NULL AUTO_INCREMENT,
  `wechat_id` varchar(200) DEFAULT NULL,
  `wechat_uuid` varchar(200) DEFAULT NULL,
  `wechat_nick_name` varchar(200) DEFAULT NULL,
  `nick_name` varchar(200) DEFAULT '',
  `club_id` char(32) CHARACTER SET latin1 NOT NULL,
  `current_score` int(11) NOT NULL,
  `history_profit` int(11) NOT NULL,
  `history_cost` int(11) DEFAULT '0',
  `introducer` varchar(200) DEFAULT NULL,
  `today_hoster_number` int(11) NOT NULL,
  PRIMARY KEY (`id`),
  KEY `DServerAPP_player_club_id_bfdfece2_fk_DServerAPP_clubs_uuid` (`club_id`),
  CONSTRAINT `DServerAPP_player_club_id_bfdfece2_fk_DServerAPP_clubs_uuid` FOREIGN KEY (`club_id`) REFERENCES `DServerAPP_clubs` (`uuid`)
) ENGINE=InnoDB AUTO_INCREMENT=10 DEFAULT CHARSET=utf8mb4;
/*!40101 SET character_set_client = @saved_cs_client */;

--
-- Dumping data for table `DServerAPP_player`
--

LOCK TABLES `DServerAPP_player` WRITE;
/*!40000 ALTER TABLE `DServerAPP_player` DISABLE KEYS */;
INSERT INTO `DServerAPP_player` VALUES (1,'','','tempUser','风轻舞','057ec860cd1411e8acea525400bb9a83',220,220,50,'none',1),(2,'','','tempUser','创世纪','057ec860cd1411e8acea525400bb9a83',244,244,0,'none',1),(3,'','','tempUser','稳稳的幸福','057ec860cd1411e8acea525400bb9a83',99,99,0,'none',1),(4,'','','tempUser','严某某','057ec860cd1411e8acea525400bb9a83',-22,-22,0,'none',1),(5,'','','tempUser','八弟','057ec860cd1411e8acea525400bb9a83',-36,-36,0,'none',1),(6,'','','tempUser','风之子','057ec860cd1411e8acea525400bb9a83',-113,-113,0,'none',1),(7,'','','tempUser','江','057ec860cd1411e8acea525400bb9a83',-120,-120,0,'none',1),(8,'','','tempUser','庄','057ec860cd1411e8acea525400bb9a83',-125,-125,0,'none',1),(9,'','','tempUser','A庄斌为','057ec860cd1411e8acea525400bb9a83',-197,-197,0,'none',1);
/*!40000 ALTER TABLE `DServerAPP_player` ENABLE KEYS */;
UNLOCK TABLES;

--
-- Table structure for table `DServerAPP_question`
--

DROP TABLE IF EXISTS `DServerAPP_question`;
/*!40101 SET @saved_cs_client     = @@character_set_client */;
/*!40101 SET character_set_client = utf8 */;
CREATE TABLE `DServerAPP_question` (
  `id` int(11) NOT NULL AUTO_INCREMENT,
  `question_text` varchar(2000) DEFAULT NULL,
  `pub_date` datetime(6) NOT NULL,
  PRIMARY KEY (`id`)
) ENGINE=InnoDB DEFAULT CHARSET=utf8mb4;
/*!40101 SET character_set_client = @saved_cs_client */;

--
-- Dumping data for table `DServerAPP_question`
--

LOCK TABLES `DServerAPP_question` WRITE;
/*!40000 ALTER TABLE `DServerAPP_question` DISABLE KEYS */;
/*!40000 ALTER TABLE `DServerAPP_question` ENABLE KEYS */;
UNLOCK TABLES;

--
-- Table structure for table `DServerAPP_score`
--

DROP TABLE IF EXISTS `DServerAPP_score`;
/*!40101 SET @saved_cs_client     = @@character_set_client */;
/*!40101 SET character_set_client = utf8 */;
CREATE TABLE `DServerAPP_score` (
  `id` int(11) NOT NULL AUTO_INCREMENT,
  `score` int(11) NOT NULL,
  `cost` int(11) DEFAULT '0',
  `create_time` datetime(6) NOT NULL,
  `room_id` varchar(20) CHARACTER SET latin1 NOT NULL,
  `player_id` int(11) NOT NULL,
  `is_host` tinyint(4) DEFAULT '0',
  PRIMARY KEY (`id`),
  KEY `DServerAPP_score_player_id_e83c361d_fk_DServerAPP_player_id` (`player_id`),
  CONSTRAINT `DServerAPP_score_player_id_e83c361d_fk_DServerAPP_player_id` FOREIGN KEY (`player_id`) REFERENCES `DServerAPP_player` (`id`)
) ENGINE=InnoDB AUTO_INCREMENT=674 DEFAULT CHARSET=utf8mb4;
/*!40101 SET character_set_client = @saved_cs_client */;

--
-- Dumping data for table `DServerAPP_score`
--

LOCK TABLES `DServerAPP_score` WRITE;
/*!40000 ALTER TABLE `DServerAPP_score` DISABLE KEYS */;
INSERT INTO `DServerAPP_score` VALUES (1,843,0,'2018-10-10 07:25:02.475003','207592',22,0),(2,620,0,'2018-10-10 07:25:02.586144','207592',21,0),(3,250,0,'2018-10-10 07:25:02.672842','207592',72,0),(4,230,0,'2018-10-10 07:25:02.749883','207592',23,0),(5,-267,0,'2018-10-10 07:25:02.835252','207592',36,0),(6,-347,0,'2018-10-10 07:25:02.927701','207592',37,0),(7,-417,0,'2018-10-10 07:25:03.029304','207592',38,0),(8,-443,0,'2018-10-10 07:25:03.111185','207592',39,0),(9,-469,0,'2018-10-10 07:25:03.197843','207592',40,0),(10,843,0,'2018-10-10 07:25:29.588740','207592',22,0),(11,620,0,'2018-10-10 07:25:29.674879','207592',21,0),(12,250,0,'2018-10-10 07:25:29.762103','207592',72,0),(13,230,0,'2018-10-10 07:25:29.843706','207592',23,0),(14,-267,0,'2018-10-10 07:25:29.932727','207592',36,0),(15,-347,0,'2018-10-10 07:25:30.019665','207592',37,0),(16,-417,0,'2018-10-10 07:25:30.105238','207592',38,0),(17,-443,0,'2018-10-10 07:25:30.192009','207592',39,0),(18,-469,0,'2018-10-10 07:25:30.276112','207592',40,0),(19,843,0,'2018-10-11 05:40:06.576627','207592',22,0),(20,620,0,'2018-10-11 05:40:06.675861','207592',21,0),(21,250,0,'2018-10-11 05:40:06.766555','207592',72,0),(22,230,0,'2018-10-11 05:40:06.850373','207592',23,0),(23,-267,0,'2018-10-11 05:40:06.941256','207592',36,0),(24,-347,0,'2018-10-11 05:40:07.039327','207592',37,0),(25,-417,0,'2018-10-11 05:40:07.124192','207592',38,0),(26,-443,0,'2018-10-11 05:40:07.218930','207592',39,0),(27,-469,0,'2018-10-11 05:40:07.310403','207592',40,0),(28,843,0,'2018-10-11 05:43:21.757649','207592',22,0),(29,620,0,'2018-10-11 05:43:21.850008','207592',21,0),(30,250,0,'2018-10-11 05:43:21.939029','207592',72,0),(31,230,0,'2018-10-11 05:43:22.021614','207592',23,0),(32,-267,0,'2018-10-11 05:43:22.107370','207592',36,0),(33,-347,0,'2018-10-11 05:43:22.197442','207592',37,0),(34,-417,0,'2018-10-11 05:43:22.283591','207592',38,0),(35,-443,0,'2018-10-11 05:43:22.367857','207592',39,0),(36,-469,0,'2018-10-11 05:43:22.454712','207592',40,0),(37,843,0,'2018-10-11 05:53:18.842222','207592',22,0),(38,620,0,'2018-10-11 05:53:18.939551','207592',21,0),(39,250,0,'2018-10-11 05:53:19.025451','207592',72,0),(40,230,0,'2018-10-11 05:53:19.111512','207592',23,0),(41,-267,0,'2018-10-11 05:53:19.199578','207592',36,0),(42,-347,0,'2018-10-11 05:53:19.281434','207592',37,0),(43,-417,0,'2018-10-11 05:53:19.369753','207592',38,0),(44,-443,0,'2018-10-11 05:53:19.459997','207592',39,0),(45,-469,0,'2018-10-11 05:53:19.550166','207592',40,0),(46,843,0,'2018-10-11 05:55:51.638743','207592',22,0),(47,620,0,'2018-10-11 05:55:51.728298','207592',21,0),(48,250,0,'2018-10-11 05:55:51.819668','207592',72,0),(49,230,0,'2018-10-11 05:55:51.901527','207592',23,0),(50,-267,0,'2018-10-11 05:55:51.988335','207592',36,0),(51,-347,0,'2018-10-11 05:55:52.081687','207592',37,0),(52,-417,0,'2018-10-11 05:55:52.167335','207592',38,0),(53,-443,0,'2018-10-11 05:55:52.256673','207592',39,0),(54,-469,0,'2018-10-11 05:55:52.340107','207592',40,0),(55,1741,0,'2018-10-12 07:16:26.114235','100524',21,0),(56,733,0,'2018-10-12 07:16:26.217962','100524',41,0),(57,719,0,'2018-10-12 07:16:26.309707','100524',53,0),(58,472,0,'2018-10-12 07:16:26.392131','100524',50,0),(59,35,0,'2018-10-12 07:16:26.475635','100524',54,0),(60,-166,0,'2018-10-12 07:16:26.564778','100524',32,0),(61,-763,0,'2018-10-12 07:16:26.647543','100524',33,0),(62,-892,0,'2018-10-12 07:16:26.729013','100524',48,0),(63,-1879,0,'2018-10-12 07:16:26.813077','100524',35,0),(64,6569,0,'2018-10-13 05:59:52.062500','205529',61,0),(65,121,0,'2018-10-13 05:59:52.151040','205529',62,0),(66,18,0,'2018-10-13 05:59:52.225637','205529',63,0),(67,-296,0,'2018-10-13 05:59:52.300041','205529',64,0),(68,-690,0,'2018-10-13 05:59:52.400853','205529',65,0),(69,-915,0,'2018-10-13 05:59:52.479935','205529',66,0),(70,-1236,0,'2018-10-13 05:59:52.551779','205529',67,0),(71,-1285,0,'2018-10-13 05:59:52.626457','205529',68,0),(72,-2286,0,'2018-10-13 05:59:52.701763','205529',69,0),(73,843,0,'2018-10-15 03:20:11.950115','207592',22,0),(74,620,0,'2018-10-15 03:20:11.998846','207592',21,0),(75,250,0,'2018-10-15 03:20:12.028527','207592',72,0),(76,230,0,'2018-10-15 03:20:12.058207','207592',23,0),(77,-267,0,'2018-10-15 03:20:12.084189','207592',36,0),(78,-347,0,'2018-10-15 03:20:12.135365','207592',37,0),(79,-417,0,'2018-10-15 03:20:12.164905','207592',38,0),(80,-443,0,'2018-10-15 03:20:12.189840','207592',39,0),(81,-469,0,'2018-10-15 03:20:12.216234','207592',40,0),(82,1771,0,'2018-10-15 03:46:46.453075','101439',42,0),(83,1173,0,'2018-10-15 03:46:46.563247','101439',21,0),(84,678,0,'2018-10-15 03:46:46.645036','101439',55,0),(85,268,0,'2018-10-15 03:46:46.725858','101439',49,0),(86,80,0,'2018-10-15 03:46:46.806539','101439',56,0),(87,-150,0,'2018-10-15 03:46:46.887744','101439',57,0),(88,-935,0,'2018-10-15 03:46:47.210371','101439',50,0),(89,-2311,0,'2018-10-15 03:46:47.298776','101439',59,0),(90,5300,0,'2018-10-15 03:48:23.783258','301395',21,0),(91,769,0,'2018-10-15 03:48:23.860513','301395',45,0),(92,516,0,'2018-10-15 03:48:23.937944','301395',48,0),(93,509,0,'2018-10-15 03:48:24.016067','301395',49,0),(94,-400,0,'2018-10-15 03:48:24.098347','301395',50,0),(95,-1231,0,'2018-10-15 03:48:24.176514','301395',33,0),(96,-1650,0,'2018-10-15 03:48:24.255211','301395',51,0),(97,-1878,0,'2018-10-15 03:48:24.344444','301395',52,0),(98,-1935,0,'2018-10-15 03:48:24.423000','301395',53,0),(99,5300,0,'2018-10-15 03:50:44.225185','301395',21,0),(100,769,0,'2018-10-15 03:50:44.333208','301395',45,0),(101,516,0,'2018-10-15 03:50:44.415914','301395',48,0),(102,509,0,'2018-10-15 03:50:44.501114','301395',49,0),(103,-400,0,'2018-10-15 03:50:44.584753','301395',50,0),(104,-1231,0,'2018-10-15 03:50:44.665211','301395',33,0),(105,-1650,0,'2018-10-15 03:50:44.749278','301395',51,0),(106,-1878,0,'2018-10-15 03:50:44.911478','301395',52,0),(107,-1935,0,'2018-10-15 03:50:45.027934','301395',53,0),(108,5300,0,'2018-10-15 03:53:07.281166','301395',21,0),(109,769,0,'2018-10-15 03:53:07.372497','301395',45,0),(110,516,0,'2018-10-15 03:53:07.463381','301395',48,0),(111,509,0,'2018-10-15 03:53:07.550630','301395',49,0),(112,-400,0,'2018-10-15 03:53:07.635306','301395',50,0),(113,-1231,0,'2018-10-15 03:53:07.721980','301395',33,0),(114,-1650,0,'2018-10-15 03:53:07.807459','301395',51,0),(115,-1878,0,'2018-10-15 03:53:07.894992','301395',52,0),(116,-1935,0,'2018-10-15 03:53:07.985606','301395',53,0),(117,5300,0,'2018-10-15 03:53:27.921454','301395',21,0),(118,769,0,'2018-10-15 03:53:28.016693','301395',45,0),(119,516,0,'2018-10-15 03:53:28.108495','301395',48,0),(120,509,0,'2018-10-15 03:53:28.204701','301395',49,0),(121,-400,0,'2018-10-15 03:53:28.289684','301395',50,0),(122,-1231,0,'2018-10-15 03:53:28.376480','301395',33,0),(123,-1650,0,'2018-10-15 03:53:28.466403','301395',51,0),(124,-1878,0,'2018-10-15 03:53:28.547281','301395',52,0),(125,-1935,0,'2018-10-15 03:53:28.692916','301395',53,0),(126,1741,0,'2018-10-15 11:34:38.831989','100524',21,0),(127,733,0,'2018-10-15 11:34:38.870132','100524',41,0),(128,719,0,'2018-10-15 11:34:38.895751','100524',53,0),(129,472,0,'2018-10-15 11:34:38.919145','100524',50,0),(130,35,0,'2018-10-15 11:34:38.948026','100524',54,0),(131,-166,0,'2018-10-15 11:34:38.977434','100524',32,0),(132,-763,0,'2018-10-15 11:34:39.008348','100524',33,0),(133,-892,0,'2018-10-15 11:34:39.034958','100524',48,0),(134,-1879,0,'2018-10-15 11:34:39.064737','100524',35,0),(135,2287,0,'2018-10-16 14:08:22.308391','108232',41,0),(136,-1988,0,'2018-10-16 14:08:22.334591','108232',53,0),(137,2287,0,'2018-10-16 14:08:49.447835','108232',41,0),(138,-1988,0,'2018-10-16 14:08:49.478009','108232',53,0),(139,2287,0,'2018-10-16 14:11:33.389402','108232',41,0),(140,-1988,0,'2018-10-16 14:11:33.417537','108232',53,0),(141,2287,0,'2018-10-16 14:25:30.304106','108232',41,0),(142,-1988,0,'2018-10-16 14:25:30.350955','108232',53,0),(143,523,0,'2018-10-16 14:25:43.414873','106206',21,0),(144,-42,0,'2018-10-16 14:25:43.645890','106206',22,0),(145,-137,0,'2018-10-16 14:25:43.761926','106206',46,0),(146,2287,0,'2018-10-16 14:28:56.713586','108232',41,0),(147,-1988,0,'2018-10-16 14:28:56.743638','108232',53,0),(148,1374,0,'2018-10-16 14:29:59.961766','301478',21,0),(149,2072,0,'2018-10-16 14:49:17.294900','301919',42,0),(150,892,0,'2018-10-16 14:49:17.396878','301919',21,0),(151,658,0,'2018-10-16 14:49:17.497975','301919',31,0),(152,414,0,'2018-10-16 14:49:17.713655','301919',78,0),(153,-140,0,'2018-10-16 14:49:18.027293','301919',79,0),(154,-520,0,'2018-10-16 14:49:18.205620','301919',80,0),(155,-914,0,'2018-10-16 14:49:18.316393','301919',52,0),(156,-1235,0,'2018-10-16 14:49:18.396971','301919',54,0),(157,-1315,0,'2018-10-16 14:49:19.244100','301919',29,0),(158,383,0,'2018-10-16 14:49:49.072612','103005',21,0),(159,180,0,'2018-10-16 14:49:49.917114','103005',81,0),(160,126,0,'2018-10-16 14:49:50.113673','103005',82,0),(161,52,0,'2018-10-16 14:49:50.309285','103005',83,0),(162,31,0,'2018-10-16 14:49:50.515775','103005',84,0),(163,-12,0,'2018-10-16 14:49:50.744672','103005',36,0),(164,-92,0,'2018-10-16 14:49:50.932322','103005',85,0),(165,-126,0,'2018-10-16 14:49:51.132378','103005',86,0),(166,-557,0,'2018-10-16 14:49:51.274448','103005',87,0),(167,244,0,'2018-10-17 08:58:28.340095','206035',89,0),(168,99,0,'2018-10-17 08:58:28.843808','206035',90,0),(169,-22,0,'2018-10-17 08:58:29.318264','206035',91,0),(170,-36,0,'2018-10-17 08:58:29.789398','206035',92,0),(171,-113,0,'2018-10-17 08:58:30.266601','206035',93,0),(172,-120,0,'2018-10-17 08:58:30.540766','206035',81,0),(173,-125,0,'2018-10-17 08:58:31.020512','206035',94,0),(174,-197,0,'2018-10-17 08:58:31.551888','206035',95,0),(175,529,0,'2018-10-17 09:00:22.985933','105111',96,0),(176,503,0,'2018-10-17 09:00:23.190903','105111',97,0),(177,367,0,'2018-10-17 09:00:23.385042','105111',98,0),(178,143,0,'2018-10-17 09:00:23.656382','105111',99,0),(179,-200,0,'2018-10-17 09:00:23.806895','105111',100,0),(180,-208,0,'2018-10-17 09:00:23.999034','105111',101,0),(181,-313,0,'2018-10-17 09:00:24.191049','105111',102,0),(182,-353,0,'2018-10-17 09:00:24.380765','105111',103,0),(183,-497,0,'2018-10-17 09:00:24.533155','105111',104,0),(184,792,0,'2018-10-17 09:09:45.244654','209981',105,0),(185,284,0,'2018-10-17 09:09:45.355934','209981',96,0),(186,142,0,'2018-10-17 09:09:45.462075','209981',99,0),(187,64,0,'2018-10-17 09:09:45.550140','209981',97,0),(188,-114,0,'2018-10-17 09:09:45.713007','209981',106,0),(189,-212,0,'2018-10-17 09:09:45.892867','209981',107,0),(190,-300,0,'2018-10-17 09:09:45.996333','209981',103,0),(191,-323,0,'2018-10-17 09:09:46.090164','209981',98,0),(192,-368,0,'2018-10-17 09:09:46.200602','209981',100,0),(193,552,0,'2018-10-17 09:31:11.452276','107886',21,0),(194,532,0,'2018-10-17 09:31:11.647715','107886',108,0),(195,300,0,'2018-10-17 09:31:11.847824','107886',109,0),(196,67,0,'2018-10-17 09:31:11.945351','107886',101,0),(197,-13,0,'2018-10-17 09:31:12.140361','107886',110,0),(198,-287,0,'2018-10-17 09:31:12.466200','107886',111,0),(199,-343,0,'2018-10-17 09:31:12.565507','107886',81,0),(200,-375,0,'2018-10-17 09:31:12.752707','107886',112,0),(201,-468,0,'2018-10-17 09:31:12.852210','107886',106,0),(202,1018,0,'2018-10-17 09:31:15.971722','100319',21,0),(203,431,0,'2018-10-17 09:31:16.072609','100319',87,0),(204,115,0,'2018-10-17 09:31:16.172893','100319',104,0),(205,79,0,'2018-10-17 09:31:16.349145','100319',113,0),(206,-132,0,'2018-10-17 09:31:16.525297','100319',114,0),(207,-142,0,'2018-10-17 09:31:16.704043','100319',115,0),(208,-248,0,'2018-10-17 09:31:16.847295','100319',116,0),(209,-339,0,'2018-10-17 09:31:17.000267','100319',117,0),(210,-817,0,'2018-10-17 09:31:17.194878','100319',118,0),(211,412,0,'2018-10-17 09:31:20.962972','205170',21,0),(212,390,0,'2018-10-17 09:31:21.066836','205170',82,0),(213,337,0,'2018-10-17 09:31:21.256283','205170',119,0),(214,56,0,'2018-10-17 09:31:21.451780','205170',120,0),(215,-127,0,'2018-10-17 09:31:21.637495','205170',121,0),(216,-152,0,'2018-10-17 09:31:21.740848','205170',107,0),(217,-202,0,'2018-10-17 09:31:21.939498','205170',122,0),(218,-203,0,'2018-10-17 09:31:22.130157','205170',123,0),(219,-546,0,'2018-10-17 09:31:22.244558','205170',96,0),(220,1017,0,'2018-10-17 09:31:38.619458','301508',21,0),(221,208,0,'2018-10-17 09:31:38.803884','301508',124,0),(222,133,0,'2018-10-17 09:31:38.986994','301508',125,0),(223,-71,0,'2018-10-17 09:31:39.086001','301508',87,0),(224,-91,0,'2018-10-17 09:31:39.274882','301508',126,0),(225,-124,0,'2018-10-17 09:31:39.419373','301508',119,0),(226,-412,0,'2018-10-17 09:31:39.584479','301508',127,0),(227,-695,0,'2018-10-17 09:31:39.654000','301508',105,0),(228,655,0,'2018-10-17 09:31:42.361010','302092',128,0),(229,141,0,'2018-10-17 09:31:42.391219','302092',21,0),(230,50,0,'2018-10-17 09:31:42.424972','302092',110,0),(231,-5,0,'2018-10-17 09:31:42.457128','302092',113,0),(232,-22,0,'2018-10-17 09:31:42.510887','302092',129,0),(233,-43,0,'2018-10-17 09:31:42.543710','302092',108,0),(234,-101,0,'2018-10-17 09:31:42.573957','302092',114,0),(235,-275,0,'2018-10-17 09:31:42.625504','302092',130,0),(236,-435,0,'2018-10-17 09:31:42.660107','302092',116,0),(237,992,0,'2018-10-17 09:31:45.422602','301189',21,0),(238,497,0,'2018-10-17 09:31:45.469159','301189',131,0),(239,339,0,'2018-10-17 09:31:45.521212','301189',132,0),(240,-8,0,'2018-10-17 09:31:45.555429','301189',119,0),(241,-19,0,'2018-10-17 09:31:45.588581','301189',124,0),(242,-245,0,'2018-10-17 09:31:45.622007','301189',126,0),(243,-343,0,'2018-10-17 09:31:45.655234','301189',123,0),(244,-520,0,'2018-10-17 09:31:45.685706','301189',84,0),(245,-728,0,'2018-10-17 09:31:45.735671','301189',133,0),(246,437,0,'2018-10-17 09:31:50.800051','208060',21,0),(247,171,0,'2018-10-17 09:31:50.834008','208060',107,0),(248,-43,0,'2018-10-17 09:31:50.861852','208060',116,0),(249,-95,0,'2018-10-17 09:31:50.895924','208060',91,0),(250,-109,0,'2018-10-17 09:31:50.926499','208060',118,0),(251,-133,0,'2018-10-17 09:31:50.958707','208060',112,0),(252,-263,0,'2018-10-17 09:31:51.010505','208060',134,0),(253,305,0,'2018-10-17 09:31:53.350641','202828',21,0),(254,142,0,'2018-10-17 09:31:53.382663','202828',106,0),(255,-25,0,'2018-10-17 09:31:53.434692','202828',135,0),(256,-31,0,'2018-10-17 09:31:53.478349','202828',101,0),(257,-33,0,'2018-10-17 09:31:53.514688','202828',112,0),(258,-94,0,'2018-10-17 09:31:53.558582','202828',121,0),(259,-145,0,'2018-10-17 09:31:53.594627','202828',118,0),(260,-154,0,'2018-10-17 09:31:53.632680','202828',107,0),(261,861,0,'2018-10-17 11:29:01.372259','107859',29,0),(262,778,0,'2018-10-17 11:29:01.689049','107859',30,0),(263,91,0,'2018-10-17 11:29:01.967149','107859',31,0),(264,45,0,'2018-10-17 11:29:02.271142','107859',32,0),(265,-307,0,'2018-10-17 11:29:02.533555','107859',33,0),(266,-719,0,'2018-10-17 11:29:02.802015','107859',34,0),(267,-729,0,'2018-10-17 11:29:03.057976','107859',35,0),(268,-977,0,'2018-10-17 11:29:03.330545','107859',21,0),(269,1589,0,'2018-10-17 11:30:46.090921','101617',21,0),(270,211,0,'2018-10-17 11:30:46.319549','101617',60,0),(271,-13,0,'2018-10-17 11:30:46.617152','101617',57,0),(272,-177,0,'2018-10-17 11:30:46.881465','101617',41,0),(273,-311,0,'2018-10-17 11:30:47.184674','101617',56,0),(274,-806,0,'2018-10-17 11:30:47.487130','101617',50,0),(275,-1158,0,'2018-10-17 11:30:47.804321','101617',52,0),(276,-1164,0,'2018-10-17 11:30:48.080921','101617',55,0),(277,620,0,'2018-10-17 11:39:32.632289','207592',21,0),(278,250,0,'2018-10-17 11:39:32.923033','207592',72,0),(279,230,0,'2018-10-17 11:39:33.157993','207592',23,0),(280,-267,0,'2018-10-17 11:39:33.453535','207592',36,0),(281,-347,0,'2018-10-17 11:39:33.764676','207592',37,0),(282,-417,0,'2018-10-17 11:39:34.047745','207592',38,0),(283,-443,0,'2018-10-17 11:39:34.299374','207592',39,0),(284,-469,0,'2018-10-17 11:39:34.545323','207592',40,0),(285,769,0,'2018-10-17 11:40:52.012965','301395',45,0),(286,516,0,'2018-10-17 11:40:52.251866','301395',48,0),(287,509,0,'2018-10-17 11:40:52.574382','301395',49,0),(288,-400,0,'2018-10-17 11:40:52.864827','301395',50,0),(289,-1231,0,'2018-10-17 11:40:53.167638','301395',33,0),(290,-1650,0,'2018-10-17 11:40:53.470848','301395',51,0),(291,-1878,0,'2018-10-17 11:40:53.754865','301395',52,0),(292,-1935,0,'2018-10-17 11:40:54.037474','301395',53,0),(293,121,0,'2018-10-17 11:41:40.281867','205529',62,0),(294,18,0,'2018-10-17 11:41:40.545525','205529',63,0),(295,-296,0,'2018-10-17 11:41:40.822833','205529',64,0),(296,-690,0,'2018-10-17 11:41:41.117935','205529',65,0),(297,-915,0,'2018-10-17 11:41:41.445558','205529',66,0),(298,-1236,0,'2018-10-17 11:41:41.780281','205529',67,0),(299,-1285,0,'2018-10-17 11:41:42.059335','205529',68,0),(300,-2286,0,'2018-10-17 11:41:42.273678','205529',69,0),(301,244,0,'2018-10-17 11:42:36.253504','206035',89,0),(302,99,0,'2018-10-17 11:42:36.543739','206035',90,0),(303,-22,0,'2018-10-17 11:42:36.852007','206035',91,0),(304,-36,0,'2018-10-17 11:42:37.159455','206035',92,0),(305,-113,0,'2018-10-17 11:42:37.459784','206035',93,0),(306,-120,0,'2018-10-17 11:42:37.744942','206035',81,0),(307,-125,0,'2018-10-17 11:42:38.023428','206035',94,0),(308,-197,0,'2018-10-17 11:42:38.345637','206035',95,0),(309,552,0,'2018-10-17 12:27:12.709778','107886',21,0),(310,532,0,'2018-10-17 12:27:12.804422','107886',108,0),(311,300,0,'2018-10-17 12:27:12.905616','107886',109,0),(312,67,0,'2018-10-17 12:27:13.012813','107886',101,0),(313,-13,0,'2018-10-17 12:27:13.113187','107886',110,0),(314,-287,0,'2018-10-17 12:27:13.226454','107886',111,0),(315,-343,0,'2018-10-17 12:27:13.310784','107886',81,0),(316,-375,0,'2018-10-17 12:27:13.434162','107886',112,0),(317,-468,0,'2018-10-17 12:27:13.744368','107886',106,0),(318,479,0,'2018-10-17 12:29:44.724880','202618',136,0),(319,194,0,'2018-10-17 12:29:44.921879','202618',137,0),(320,187,0,'2018-10-17 12:29:45.031538','202618',81,0),(321,77,0,'2018-10-17 12:29:45.195421','202618',138,0),(322,51,0,'2018-10-17 12:29:45.299957','202618',101,0),(323,37,0,'2018-10-17 12:29:45.521772','202618',139,0),(324,-38,0,'2018-10-17 12:29:45.723384','202618',140,0),(325,-463,0,'2018-10-17 12:29:45.886812','202618',141,0),(326,-559,0,'2018-10-17 12:29:46.013823','202618',91,0),(327,705,0,'2018-10-17 12:30:40.629540','301143',121,0),(328,669,0,'2018-10-17 12:30:40.817621','301143',142,0),(329,73,0,'2018-10-17 12:30:40.929661','301143',94,0),(330,-30,0,'2018-10-17 12:30:41.032040','301143',127,0),(331,-92,0,'2018-10-17 12:30:41.212598','301143',143,0),(332,-211,0,'2018-10-17 12:30:41.315513','301143',81,0),(333,-212,0,'2018-10-17 12:30:41.501967','301143',144,0),(334,-329,0,'2018-10-17 12:30:41.611305','301143',90,0),(335,-608,0,'2018-10-17 12:30:41.758844','301143',145,0),(336,692,0,'2018-10-17 12:30:48.369429','101535',90,0),(337,246,0,'2018-10-17 12:30:48.477236','101535',143,0),(338,103,0,'2018-10-17 12:30:48.585830','101535',127,0),(339,62,0,'2018-10-17 12:30:48.782391','101535',146,0),(340,-85,0,'2018-10-17 12:30:48.881771','101535',142,0),(341,-170,0,'2018-10-17 12:30:48.968827','101535',145,0),(342,-195,0,'2018-10-17 12:30:49.074424','101535',121,0),(343,-255,0,'2018-10-17 12:30:49.306943','101535',147,0),(344,-433,0,'2018-10-17 12:30:49.411448','101535',94,0),(345,995,0,'2018-10-17 13:04:37.742452','304500',83,0),(346,398,0,'2018-10-17 13:04:38.296078','304500',94,0),(347,150,0,'2018-10-17 13:04:38.397957','304500',144,0),(348,141,0,'2018-10-17 13:04:38.587992','304500',148,0),(349,80,0,'2018-10-17 13:04:38.776328','304500',149,0),(350,-362,0,'2018-10-17 13:04:38.887150','304500',81,0),(351,-398,0,'2018-10-17 13:04:39.009957','304500',90,0),(352,-502,0,'2018-10-17 13:04:39.191959','304500',150,0),(353,-537,0,'2018-10-17 13:04:39.273927','304500',142,0),(354,582,0,'2018-10-17 16:24:11.693802','100611',139,0),(355,292,0,'2018-10-17 16:24:12.606732','100611',151,0),(356,136,0,'2018-10-17 16:24:12.717981','100611',105,0),(357,128,0,'2018-10-17 16:24:13.619402','100611',133,0),(358,-60,0,'2018-10-17 16:24:14.521201','100611',140,0),(359,-157,0,'2018-10-17 16:24:14.628828','100611',136,0),(360,-193,0,'2018-10-17 16:24:14.917867','100611',101,0),(361,-361,0,'2018-10-17 16:24:15.031806','100611',130,0),(362,-402,0,'2018-10-17 16:24:15.152645','100611',117,0),(363,202,0,'2018-10-17 17:14:35.774425','200652',149,0),(364,176,0,'2018-10-17 17:14:35.879485','200652',105,0),(365,168,0,'2018-10-17 17:14:35.974951','200652',38,0),(366,55,0,'2018-10-17 17:14:36.096841','200652',117,0),(367,35,0,'2018-10-17 17:14:36.195224','200652',121,0),(368,9,0,'2018-10-17 17:14:36.322825','200652',150,0),(369,-85,0,'2018-10-17 17:14:36.415110','200652',107,0),(370,-136,0,'2018-10-17 17:14:36.604503','200652',152,0),(371,-459,0,'2018-10-17 17:14:36.810729','200652',153,0),(372,162,0,'2018-10-18 09:05:07.007015','205090',99,0),(373,161,0,'2018-10-18 09:05:07.107111','205090',139,0),(374,-136,0,'2018-10-18 09:05:07.225647','205090',105,0),(375,-206,0,'2018-10-18 09:05:07.561271','205090',155,0),(376,-261,0,'2018-10-18 09:05:07.656213','205090',151,0),(377,-286,0,'2018-10-18 09:05:07.819665','205090',156,0),(378,-287,0,'2018-10-18 09:05:08.016827','205090',157,0),(379,-386,0,'2018-10-18 09:05:08.119854','205090',96,0),(380,353,0,'2018-10-18 09:05:14.630817','303846',99,0),(381,300,0,'2018-10-18 09:05:14.736788','303846',156,0),(382,11,0,'2018-10-18 09:05:14.836870','303846',96,0),(383,-136,0,'2018-10-18 09:05:14.931567','303846',139,0),(384,-201,0,'2018-10-18 09:05:15.038151','303846',155,0),(385,-234,0,'2018-10-18 09:05:15.144703','303846',154,0),(386,-376,0,'2018-10-18 09:05:15.343114','303846',151,0),(387,-431,0,'2018-10-18 09:05:15.448325','303846',157,0),(388,446,0,'2018-10-18 09:47:54.414626','207303',97,0),(389,21,0,'2018-10-18 09:47:54.511398','207303',140,0),(390,4,0,'2018-10-18 09:47:54.608493','207303',155,0),(391,-58,0,'2018-10-18 09:47:54.712512','207303',117,0),(392,-83,0,'2018-10-18 09:47:54.813242','207303',114,0),(393,-191,0,'2018-10-18 09:47:54.910419','207303',99,0),(394,-231,0,'2018-10-18 09:47:54.979426','207303',137,0),(395,-823,0,'2018-10-18 09:47:55.898132','207303',133,0),(396,446,0,'2018-10-18 10:07:46.143729','207303',97,0),(397,21,0,'2018-10-18 10:07:46.417193','207303',140,0),(398,4,0,'2018-10-18 10:07:46.683296','207303',155,0),(399,-58,0,'2018-10-18 10:07:46.986293','207303',117,0),(400,-83,0,'2018-10-18 10:07:47.275488','207303',114,0),(401,-191,0,'2018-10-18 10:07:47.541792','207303',99,0),(402,-231,0,'2018-10-18 10:07:47.852424','207303',137,0),(403,-823,0,'2018-10-18 10:07:48.170945','207303',133,0),(404,244,0,'2018-10-18 10:09:06.473697','206035',89,0),(405,99,0,'2018-10-18 10:09:06.757876','206035',90,0),(406,-22,0,'2018-10-18 10:09:07.045703','206035',91,0),(407,-36,0,'2018-10-18 10:09:07.330236','206035',92,0),(408,-113,0,'2018-10-18 10:09:07.648755','206035',93,0),(409,-120,0,'2018-10-18 10:09:07.955382','206035',81,0),(410,-125,0,'2018-10-18 10:09:08.250005','206035',94,0),(411,-197,0,'2018-10-18 10:09:08.509219','206035',95,0),(412,121,0,'2018-10-18 10:09:37.465127','205529',62,0),(413,18,0,'2018-10-18 10:09:37.751860','205529',63,0),(414,-296,0,'2018-10-18 10:09:37.979354','205529',64,0),(415,-690,0,'2018-10-18 10:09:38.242763','205529',65,0),(416,-915,0,'2018-10-18 10:09:38.540637','205529',66,0),(417,-1236,0,'2018-10-18 10:09:38.832387','205529',67,0),(418,-1285,0,'2018-10-18 10:09:39.106105','205529',68,0),(419,-2286,0,'2018-10-18 10:09:39.405753','205529',69,0),(420,620,0,'2018-10-18 10:11:02.949122','207592',21,0),(421,250,0,'2018-10-18 10:11:03.257730','207592',72,0),(422,230,0,'2018-10-18 10:11:03.576510','207592',23,0),(423,-267,0,'2018-10-18 10:11:03.891129','207592',36,0),(424,-347,0,'2018-10-18 10:11:04.210466','207592',37,0),(425,-417,0,'2018-10-18 10:11:04.517601','207592',38,0),(426,-443,0,'2018-10-18 10:11:04.816653','207592',39,0),(427,-469,0,'2018-10-18 10:11:05.125509','207592',40,0),(428,620,0,'2018-10-18 10:13:38.735341','207592',21,0),(429,250,0,'2018-10-18 10:13:39.040603','207592',72,0),(430,230,0,'2018-10-18 10:13:39.373044','207592',23,0),(431,-267,0,'2018-10-18 10:13:39.654417','207592',36,0),(432,-347,0,'2018-10-18 10:13:39.949069','207592',37,0),(433,-417,0,'2018-10-18 10:13:40.247865','207592',38,0),(434,-443,0,'2018-10-18 10:13:40.566685','207592',39,0),(435,-469,0,'2018-10-18 10:13:40.860832','207592',40,0),(436,244,0,'2018-10-18 10:19:43.920635','206035',89,0),(437,99,0,'2018-10-18 10:19:44.766413','206035',90,0),(438,-22,0,'2018-10-18 10:19:45.084358','206035',91,0),(439,-36,0,'2018-10-18 10:19:45.468610','206035',92,0),(440,-113,0,'2018-10-18 10:19:45.713715','206035',93,0),(441,-120,0,'2018-10-18 10:19:46.004450','206035',81,0),(442,-125,0,'2018-10-18 10:19:46.308883','206035',94,0),(443,-197,0,'2018-10-18 10:19:46.588351','206035',95,0),(444,220,0,'2018-10-18 10:40:26.218419','204385',159,0),(445,164,0,'2018-10-18 10:40:26.321683','204385',137,0),(446,136,0,'2018-10-18 10:40:26.411728','204385',110,0),(447,58,0,'2018-10-18 10:40:26.490637','204385',155,0),(448,43,0,'2018-10-18 10:40:26.600008','204385',113,0),(449,-52,0,'2018-10-18 10:40:26.699601','204385',104,0),(450,-368,0,'2018-10-18 10:40:26.797786','204385',99,0),(451,-588,0,'2018-10-18 10:40:26.907296','204385',140,0),(452,244,0,'2018-10-18 12:32:12.798607','206035',89,0),(453,99,0,'2018-10-18 12:32:13.093672','206035',90,0),(454,-22,0,'2018-10-18 12:32:13.397561','206035',91,0),(455,-36,0,'2018-10-18 12:32:13.702216','206035',92,0),(456,-113,0,'2018-10-18 12:32:13.981587','206035',93,0),(457,-120,0,'2018-10-18 12:32:14.282885','206035',81,0),(458,-125,0,'2018-10-18 12:32:14.520491','206035',94,0),(459,-197,0,'2018-10-18 12:32:14.807475','206035',95,0),(460,244,0,'2018-10-18 12:34:31.614499','206035',89,0),(461,99,0,'2018-10-18 12:34:31.894764','206035',90,0),(462,-22,0,'2018-10-18 12:34:32.187193','206035',91,0),(463,-36,0,'2018-10-18 12:34:32.432593','206035',92,0),(464,-113,0,'2018-10-18 12:34:32.732256','206035',93,0),(465,-120,0,'2018-10-18 12:34:33.003914','206035',81,0),(466,-125,0,'2018-10-18 12:34:33.288742','206035',94,0),(467,-197,0,'2018-10-18 12:34:33.598447','206035',95,0),(468,244,0,'2018-10-18 12:36:20.227057','206035',89,0),(469,99,0,'2018-10-18 12:36:20.533282','206035',90,0),(470,-22,0,'2018-10-18 12:36:20.860961','206035',91,0),(471,-36,0,'2018-10-18 12:36:21.147844','206035',92,0),(472,-113,0,'2018-10-18 12:36:21.475050','206035',93,0),(473,-120,0,'2018-10-18 12:36:21.803021','206035',81,0),(474,-125,0,'2018-10-18 12:36:22.144082','206035',94,0),(475,-197,0,'2018-10-18 12:36:22.489782','206035',95,0),(476,270,0,'2018-10-18 12:38:00.298981','206035',88,0),(477,244,0,'2018-10-18 12:38:00.573204','206035',89,0),(478,99,0,'2018-10-18 12:38:00.880601','206035',90,0),(479,-22,0,'2018-10-18 12:38:01.199069','206035',91,0),(480,-36,0,'2018-10-18 12:38:01.487032','206035',92,0),(481,-113,0,'2018-10-18 12:38:01.774564','206035',93,0),(482,-120,0,'2018-10-18 12:38:02.063458','206035',81,0),(483,-125,0,'2018-10-18 12:38:02.394558','206035',94,0),(484,-197,0,'2018-10-18 12:38:02.701161','206035',95,0),(485,270,0,'2018-10-18 12:47:38.954508','206035',88,0),(486,244,0,'2018-10-18 12:47:39.042215','206035',89,0),(487,99,0,'2018-10-18 12:47:39.132573','206035',90,0),(488,-22,0,'2018-10-18 12:47:39.219670','206035',91,0),(489,-36,0,'2018-10-18 12:47:39.307223','206035',92,0),(490,-113,0,'2018-10-18 12:47:39.397750','206035',93,0),(491,-120,0,'2018-10-18 12:47:39.483596','206035',81,0),(492,-125,0,'2018-10-18 12:47:39.569128','206035',94,0),(493,-197,0,'2018-10-18 12:47:39.655932','206035',95,0),(494,270,0,'2018-10-18 12:49:01.063912','206035',88,0),(495,244,0,'2018-10-18 12:49:01.150281','206035',89,0),(496,99,0,'2018-10-18 12:49:01.230788','206035',90,0),(497,-22,0,'2018-10-18 12:49:01.316749','206035',91,0),(498,-36,0,'2018-10-18 12:49:01.382537','206035',92,0),(499,-113,0,'2018-10-18 12:49:01.482051','206035',93,0),(500,-120,0,'2018-10-18 12:49:01.567627','206035',81,0),(501,-125,0,'2018-10-18 12:49:01.649440','206035',94,0),(502,-197,0,'2018-10-18 12:49:01.726946','206035',95,0),(503,270,0,'2018-10-18 12:50:38.648602','206035',88,0),(504,244,0,'2018-10-18 12:50:38.738878','206035',89,0),(505,99,0,'2018-10-18 12:50:38.826711','206035',90,0),(506,-22,0,'2018-10-18 12:50:38.906097','206035',91,0),(507,-36,0,'2018-10-18 12:50:38.989188','206035',92,0),(508,-113,0,'2018-10-18 12:50:39.072716','206035',93,0),(509,-120,0,'2018-10-18 12:50:39.188512','206035',81,0),(510,-125,0,'2018-10-18 12:50:39.274584','206035',94,0),(511,-197,0,'2018-10-18 12:50:39.364841','206035',95,0),(512,270,0,'2018-10-18 12:53:06.965938','206035',88,0),(513,244,0,'2018-10-18 12:53:07.047085','206035',89,0),(514,99,0,'2018-10-18 12:53:07.129187','206035',90,0),(515,-22,0,'2018-10-18 12:53:07.223436','206035',91,0),(516,-36,0,'2018-10-18 12:53:07.304347','206035',92,0),(517,-113,0,'2018-10-18 12:53:07.388004','206035',93,0),(518,-120,0,'2018-10-18 12:53:07.476458','206035',81,0),(519,-125,0,'2018-10-18 12:53:07.557791','206035',94,0),(520,-197,0,'2018-10-18 12:53:07.641790','206035',95,0),(521,270,0,'2018-10-18 13:01:05.507813','206035',88,0),(522,244,0,'2018-10-18 13:01:05.589285','206035',89,0),(523,99,0,'2018-10-18 13:01:05.674629','206035',90,0),(524,-22,0,'2018-10-18 13:01:05.759813','206035',91,0),(525,-36,0,'2018-10-18 13:01:05.835503','206035',92,0),(526,-113,0,'2018-10-18 13:01:05.918360','206035',93,0),(527,-120,0,'2018-10-18 13:01:06.001729','206035',81,0),(528,-125,0,'2018-10-18 13:01:06.091378','206035',94,0),(529,-197,0,'2018-10-18 13:01:06.179894','206035',95,0),(530,2648,0,'2018-10-18 16:12:06.173027','109934',21,0),(531,1216,0,'2018-10-18 16:12:06.198154','109934',52,0),(532,594,0,'2018-10-18 16:12:06.225845','109934',60,0),(533,-247,0,'2018-10-18 16:12:06.342920','109934',160,0),(534,-287,0,'2018-10-18 16:12:06.371485','109934',59,0),(535,-399,0,'2018-10-18 16:12:06.470692','109934',161,0),(536,-623,0,'2018-10-18 16:12:06.569575','109934',162,0),(537,-1335,0,'2018-10-18 16:12:06.612764','109934',35,0),(538,-1602,0,'2018-10-18 16:12:06.642997','109934',33,0),(539,270,0,'2018-10-19 02:10:53.204333','206035',88,0),(540,244,0,'2018-10-19 02:10:53.292039','206035',89,0),(541,99,0,'2018-10-19 02:10:53.371514','206035',90,0),(542,-22,0,'2018-10-19 02:10:53.451291','206035',91,0),(543,-36,0,'2018-10-19 02:10:53.532912','206035',92,0),(544,-113,0,'2018-10-19 02:10:53.609566','206035',93,0),(545,-120,0,'2018-10-19 02:10:53.693096','206035',81,0),(546,-125,0,'2018-10-19 02:10:53.767169','206035',94,0),(547,-197,0,'2018-10-19 02:10:53.847877','206035',95,0),(557,515,0,'2018-10-19 12:25:11.131445','201681',12,0),(558,239,0,'2018-10-19 12:25:11.242212','201681',13,0),(559,169,0,'2018-10-19 12:25:12.067319','201681',14,0),(560,106,0,'2018-10-19 12:25:12.179955','201681',15,0),(561,-65,0,'2018-10-19 12:25:12.305476','201681',16,0),(562,-86,0,'2018-10-19 12:25:12.417675','201681',17,0),(563,-146,0,'2018-10-19 12:25:12.593807','201681',18,0),(564,-361,0,'2018-10-19 12:25:12.696301','201681',19,0),(565,-406,0,'2018-10-19 12:25:12.797627','201681',20,0),(566,693,0,'2018-10-19 12:25:14.528822','303764',15,0),(567,176,0,'2018-10-19 12:25:14.551488','303764',17,0),(568,171,0,'2018-10-19 12:25:14.578941','303764',19,0),(569,164,0,'2018-10-19 12:25:14.700819','303764',21,0),(570,-95,0,'2018-10-19 12:25:14.733071','303764',18,0),(572,-249,0,'2018-10-19 12:25:14.857778','303764',22,0),(573,-355,0,'2018-10-19 12:25:14.967284','303764',23,0),(574,-374,0,'2018-10-19 12:25:14.994675','303764',14,0),(575,507,0,'2018-10-19 12:25:17.240492','201433',24,0),(576,445,0,'2018-10-19 12:25:17.271905','201433',15,0),(578,10,0,'2018-10-19 12:25:17.327196','201433',16,0),(579,-88,0,'2018-10-19 12:25:17.354327','201433',23,0),(580,-247,0,'2018-10-19 12:25:17.384199','201433',14,0),(581,-283,0,'2018-10-19 12:25:17.414198','201433',21,0),(582,-328,0,'2018-10-19 12:25:17.445213','201433',17,0),(583,-510,0,'2018-10-19 12:25:17.476575','201433',19,0),(584,414,0,'2018-10-19 12:47:00.634646','206494',25,0),(585,280,0,'2018-10-19 12:47:00.751669','206494',26,0),(586,203,0,'2018-10-19 12:47:00.867460','206494',27,0),(587,151,0,'2018-10-19 12:47:00.982525','206494',28,0),(588,-2,0,'2018-10-19 12:47:01.103735','206494',29,0),(589,-4,0,'2018-10-19 12:47:01.131220','206494',15,0),(590,-256,0,'2018-10-19 12:47:01.244785','206494',30,0),(593,367,0,'2018-10-19 12:52:56.253313','109312',31,0),(594,326,0,'2018-10-19 12:52:56.279904','109312',23,0),(595,192,0,'2018-10-19 12:52:56.310996','109312',14,0),(596,179,0,'2018-10-19 12:52:56.435085','109312',32,0),(597,14,0,'2018-10-19 12:52:56.469804','109312',22,0),(598,14,0,'2018-10-19 12:52:56.492075','109312',16,0),(600,-423,0,'2018-10-19 12:52:56.546269','109312',19,0),(601,-507,0,'2018-10-19 12:52:56.570901','109312',13,0),(602,679,0,'2018-10-19 12:54:04.344402','105383',13,0),(604,330,0,'2018-10-19 12:54:04.396103','105383',21,0),(605,186,0,'2018-10-19 12:54:04.426648','105383',16,0),(606,5,0,'2018-10-19 12:54:04.453607','105383',17,0),(607,-11,0,'2018-10-19 12:54:04.478995','105383',24,0),(608,-355,0,'2018-10-19 12:54:04.506245','105383',23,0),(609,-512,0,'2018-10-19 12:54:04.531040','105383',19,0),(610,-737,0,'2018-10-19 12:54:04.556913','105383',32,0),(647,220,50,'2018-10-21 07:07:34.152281','206035',1,0),(648,244,50,'2018-10-21 07:07:34.473409','206035',2,0),(649,99,50,'2018-10-21 07:07:34.769770','206035',3,0),(650,-22,50,'2018-10-21 07:07:35.131123','206035',4,0),(651,-36,50,'2018-10-21 07:07:35.424464','206035',5,0),(652,-113,50,'2018-10-21 07:07:35.719580','206035',6,1),(653,-120,50,'2018-10-21 07:07:36.030562','206035',7,0),(654,-125,50,'2018-10-21 07:07:36.339209','206035',8,0),(655,-197,50,'2018-10-21 07:07:36.652911','206035',9,0),(656,220,50,'2018-10-21 07:09:27.498349','206035',1,0),(657,244,50,'2018-10-21 07:09:27.804310','206035',2,0),(658,99,50,'2018-10-21 07:09:28.107908','206035',3,0),(659,-22,50,'2018-10-21 07:09:28.436592','206035',4,0),(660,-36,50,'2018-10-21 07:09:28.744601','206035',5,0),(661,-113,50,'2018-10-21 07:09:29.001586','206035',6,1),(662,-120,50,'2018-10-21 07:09:29.327291','206035',7,0),(663,-125,50,'2018-10-21 07:09:29.671843','206035',8,0),(664,-197,50,'2018-10-21 07:09:30.007564','206035',9,0),(665,220,50,'2018-10-21 07:12:15.991484','206035',1,0),(666,244,50,'2018-10-21 07:12:16.348375','206035',2,0),(667,99,50,'2018-10-21 07:12:16.707501','206035',3,0),(668,-22,50,'2018-10-21 07:12:17.066416','206035',4,0),(669,-36,50,'2018-10-21 07:12:17.417137','206035',5,0),(670,-113,50,'2018-10-21 07:12:17.767554','206035',6,1),(671,-120,50,'2018-10-21 07:12:18.120448','206035',7,0),(672,-125,50,'2018-10-21 07:12:18.394272','206035',8,0),(673,-197,50,'2018-10-21 07:12:18.764221','206035',9,0);
/*!40000 ALTER TABLE `DServerAPP_score` ENABLE KEYS */;
UNLOCK TABLES;

--
-- Table structure for table `DServerAPP_wrongimage`
--

DROP TABLE IF EXISTS `DServerAPP_wrongimage`;
/*!40101 SET @saved_cs_client     = @@character_set_client */;
/*!40101 SET character_set_client = utf8 */;
CREATE TABLE `DServerAPP_wrongimage` (
  `id` int(11) NOT NULL AUTO_INCREMENT,
  `club_name` varchar(50) CHARACTER SET latin1 DEFAULT NULL,
  `image` varchar(100) CHARACTER SET latin1 NOT NULL,
  `create_time` int(11) DEFAULT NULL,
  PRIMARY KEY (`id`)
) ENGINE=InnoDB AUTO_INCREMENT=23 DEFAULT CHARSET=utf8mb4;
/*!40101 SET character_set_client = @saved_cs_client */;

--
-- Dumping data for table `DServerAPP_wrongimage`
--

LOCK TABLES `DServerAPP_wrongimage` WRITE;
/*!40000 ALTER TABLE `DServerAPP_wrongimage` DISABLE KEYS */;
/*!40000 ALTER TABLE `DServerAPP_wrongimage` ENABLE KEYS */;
UNLOCK TABLES;

--
-- Table structure for table `auth_group`
--

DROP TABLE IF EXISTS `auth_group`;
/*!40101 SET @saved_cs_client     = @@character_set_client */;
/*!40101 SET character_set_client = utf8 */;
CREATE TABLE `auth_group` (
  `id` int(11) NOT NULL AUTO_INCREMENT,
  `name` varchar(80) NOT NULL,
  PRIMARY KEY (`id`),
  UNIQUE KEY `name` (`name`)
) ENGINE=InnoDB DEFAULT CHARSET=latin1;
/*!40101 SET character_set_client = @saved_cs_client */;

--
-- Dumping data for table `auth_group`
--

LOCK TABLES `auth_group` WRITE;
/*!40000 ALTER TABLE `auth_group` DISABLE KEYS */;
/*!40000 ALTER TABLE `auth_group` ENABLE KEYS */;
UNLOCK TABLES;

--
-- Table structure for table `auth_group_permissions`
--

DROP TABLE IF EXISTS `auth_group_permissions`;
/*!40101 SET @saved_cs_client     = @@character_set_client */;
/*!40101 SET character_set_client = utf8 */;
CREATE TABLE `auth_group_permissions` (
  `id` int(11) NOT NULL AUTO_INCREMENT,
  `group_id` int(11) NOT NULL,
  `permission_id` int(11) NOT NULL,
  PRIMARY KEY (`id`),
  UNIQUE KEY `auth_group_permissions_group_id_permission_id_0cd325b0_uniq` (`group_id`,`permission_id`),
  KEY `auth_group_permissio_permission_id_84c5c92e_fk_auth_perm` (`permission_id`),
  CONSTRAINT `auth_group_permissions_group_id_b120cbf9_fk_auth_group_id` FOREIGN KEY (`group_id`) REFERENCES `auth_group` (`id`),
  CONSTRAINT `auth_group_permissio_permission_id_84c5c92e_fk_auth_perm` FOREIGN KEY (`permission_id`) REFERENCES `auth_permission` (`id`)
) ENGINE=InnoDB DEFAULT CHARSET=latin1;
/*!40101 SET character_set_client = @saved_cs_client */;

--
-- Dumping data for table `auth_group_permissions`
--

LOCK TABLES `auth_group_permissions` WRITE;
/*!40000 ALTER TABLE `auth_group_permissions` DISABLE KEYS */;
/*!40000 ALTER TABLE `auth_group_permissions` ENABLE KEYS */;
UNLOCK TABLES;

--
-- Table structure for table `auth_permission`
--

DROP TABLE IF EXISTS `auth_permission`;
/*!40101 SET @saved_cs_client     = @@character_set_client */;
/*!40101 SET character_set_client = utf8 */;
CREATE TABLE `auth_permission` (
  `id` int(11) NOT NULL AUTO_INCREMENT,
  `name` varchar(255) NOT NULL,
  `content_type_id` int(11) NOT NULL,
  `codename` varchar(100) NOT NULL,
  PRIMARY KEY (`id`),
  UNIQUE KEY `auth_permission_content_type_id_codename_01ab375a_uniq` (`content_type_id`,`codename`),
  CONSTRAINT `auth_permission_content_type_id_2f476e4b_fk_django_co` FOREIGN KEY (`content_type_id`) REFERENCES `django_content_type` (`id`)
) ENGINE=InnoDB AUTO_INCREMENT=53 DEFAULT CHARSET=latin1;
/*!40101 SET character_set_client = @saved_cs_client */;

--
-- Dumping data for table `auth_permission`
--

LOCK TABLES `auth_permission` WRITE;
/*!40000 ALTER TABLE `auth_permission` DISABLE KEYS */;
INSERT INTO `auth_permission` VALUES (1,'Can add choice',1,'add_choice'),(2,'Can change choice',1,'change_choice'),(3,'Can delete choice',1,'delete_choice'),(4,'Can view choice',1,'view_choice'),(5,'Can add question',2,'add_question'),(6,'Can change question',2,'change_question'),(7,'Can delete question',2,'delete_question'),(8,'Can view question',2,'view_question'),(9,'Can add clubs',3,'add_clubs'),(10,'Can change clubs',3,'change_clubs'),(11,'Can delete clubs',3,'delete_clubs'),(12,'Can view clubs',3,'view_clubs'),(13,'Can add game id',4,'add_gameid'),(14,'Can change game id',4,'change_gameid'),(15,'Can delete game id',4,'delete_gameid'),(16,'Can view game id',4,'view_gameid'),(17,'Can add player',5,'add_player'),(18,'Can change player',5,'change_player'),(19,'Can delete player',5,'delete_player'),(20,'Can view player',5,'view_player'),(21,'Can add score',6,'add_score'),(22,'Can change score',6,'change_score'),(23,'Can delete score',6,'delete_score'),(24,'Can view score',6,'view_score'),(25,'Can add history game',7,'add_historygame'),(26,'Can change history game',7,'change_historygame'),(27,'Can delete history game',7,'delete_historygame'),(28,'Can view history game',7,'view_historygame'),(29,'Can add log entry',8,'add_logentry'),(30,'Can change log entry',8,'change_logentry'),(31,'Can delete log entry',8,'delete_logentry'),(32,'Can view log entry',8,'view_logentry'),(33,'Can add permission',9,'add_permission'),(34,'Can change permission',9,'change_permission'),(35,'Can delete permission',9,'delete_permission'),(36,'Can view permission',9,'view_permission'),(37,'Can add group',10,'add_group'),(38,'Can change group',10,'change_group'),(39,'Can delete group',10,'delete_group'),(40,'Can view group',10,'view_group'),(41,'Can add user',11,'add_user'),(42,'Can change user',11,'change_user'),(43,'Can delete user',11,'delete_user'),(44,'Can view user',11,'view_user'),(45,'Can add content type',12,'add_contenttype'),(46,'Can change content type',12,'change_contenttype'),(47,'Can delete content type',12,'delete_contenttype'),(48,'Can view content type',12,'view_contenttype'),(49,'Can add session',13,'add_session'),(50,'Can change session',13,'change_session'),(51,'Can delete session',13,'delete_session'),(52,'Can view session',13,'view_session');
/*!40000 ALTER TABLE `auth_permission` ENABLE KEYS */;
UNLOCK TABLES;

--
-- Table structure for table `auth_user`
--

DROP TABLE IF EXISTS `auth_user`;
/*!40101 SET @saved_cs_client     = @@character_set_client */;
/*!40101 SET character_set_client = utf8 */;
CREATE TABLE `auth_user` (
  `id` int(11) NOT NULL AUTO_INCREMENT,
  `password` varchar(128) NOT NULL,
  `last_login` datetime(6) DEFAULT NULL,
  `is_superuser` tinyint(1) NOT NULL,
  `username` varchar(150) NOT NULL,
  `first_name` varchar(30) NOT NULL,
  `last_name` varchar(150) NOT NULL,
  `email` varchar(254) NOT NULL,
  `is_staff` tinyint(1) NOT NULL,
  `is_active` tinyint(1) NOT NULL,
  `date_joined` datetime(6) NOT NULL,
  PRIMARY KEY (`id`),
  UNIQUE KEY `username` (`username`)
) ENGINE=InnoDB DEFAULT CHARSET=latin1;
/*!40101 SET character_set_client = @saved_cs_client */;

--
-- Dumping data for table `auth_user`
--

LOCK TABLES `auth_user` WRITE;
/*!40000 ALTER TABLE `auth_user` DISABLE KEYS */;
/*!40000 ALTER TABLE `auth_user` ENABLE KEYS */;
UNLOCK TABLES;

--
-- Table structure for table `auth_user_groups`
--

DROP TABLE IF EXISTS `auth_user_groups`;
/*!40101 SET @saved_cs_client     = @@character_set_client */;
/*!40101 SET character_set_client = utf8 */;
CREATE TABLE `auth_user_groups` (
  `id` int(11) NOT NULL AUTO_INCREMENT,
  `user_id` int(11) NOT NULL,
  `group_id` int(11) NOT NULL,
  PRIMARY KEY (`id`),
  UNIQUE KEY `auth_user_groups_user_id_group_id_94350c0c_uniq` (`user_id`,`group_id`),
  KEY `auth_user_groups_group_id_97559544_fk_auth_group_id` (`group_id`),
  CONSTRAINT `auth_user_groups_group_id_97559544_fk_auth_group_id` FOREIGN KEY (`group_id`) REFERENCES `auth_group` (`id`),
  CONSTRAINT `auth_user_groups_user_id_6a12ed8b_fk_auth_user_id` FOREIGN KEY (`user_id`) REFERENCES `auth_user` (`id`)
) ENGINE=InnoDB DEFAULT CHARSET=latin1;
/*!40101 SET character_set_client = @saved_cs_client */;

--
-- Dumping data for table `auth_user_groups`
--

LOCK TABLES `auth_user_groups` WRITE;
/*!40000 ALTER TABLE `auth_user_groups` DISABLE KEYS */;
/*!40000 ALTER TABLE `auth_user_groups` ENABLE KEYS */;
UNLOCK TABLES;

--
-- Table structure for table `auth_user_user_permissions`
--

DROP TABLE IF EXISTS `auth_user_user_permissions`;
/*!40101 SET @saved_cs_client     = @@character_set_client */;
/*!40101 SET character_set_client = utf8 */;
CREATE TABLE `auth_user_user_permissions` (
  `id` int(11) NOT NULL AUTO_INCREMENT,
  `user_id` int(11) NOT NULL,
  `permission_id` int(11) NOT NULL,
  PRIMARY KEY (`id`),
  UNIQUE KEY `auth_user_user_permissions_user_id_permission_id_14a6b632_uniq` (`user_id`,`permission_id`),
  KEY `auth_user_user_permi_permission_id_1fbb5f2c_fk_auth_perm` (`permission_id`),
  CONSTRAINT `auth_user_user_permissions_user_id_a95ead1b_fk_auth_user_id` FOREIGN KEY (`user_id`) REFERENCES `auth_user` (`id`),
  CONSTRAINT `auth_user_user_permi_permission_id_1fbb5f2c_fk_auth_perm` FOREIGN KEY (`permission_id`) REFERENCES `auth_permission` (`id`)
) ENGINE=InnoDB DEFAULT CHARSET=latin1;
/*!40101 SET character_set_client = @saved_cs_client */;

--
-- Dumping data for table `auth_user_user_permissions`
--

LOCK TABLES `auth_user_user_permissions` WRITE;
/*!40000 ALTER TABLE `auth_user_user_permissions` DISABLE KEYS */;
/*!40000 ALTER TABLE `auth_user_user_permissions` ENABLE KEYS */;
UNLOCK TABLES;

--
-- Table structure for table `django_admin_log`
--

DROP TABLE IF EXISTS `django_admin_log`;
/*!40101 SET @saved_cs_client     = @@character_set_client */;
/*!40101 SET character_set_client = utf8 */;
CREATE TABLE `django_admin_log` (
  `id` int(11) NOT NULL AUTO_INCREMENT,
  `action_time` datetime(6) NOT NULL,
  `object_id` longtext,
  `object_repr` varchar(200) NOT NULL,
  `action_flag` smallint(5) unsigned NOT NULL,
  `change_message` longtext NOT NULL,
  `content_type_id` int(11) DEFAULT NULL,
  `user_id` int(11) NOT NULL,
  PRIMARY KEY (`id`),
  KEY `django_admin_log_content_type_id_c4bce8eb_fk_django_co` (`content_type_id`),
  KEY `django_admin_log_user_id_c564eba6_fk_auth_user_id` (`user_id`),
  CONSTRAINT `django_admin_log_content_type_id_c4bce8eb_fk_django_co` FOREIGN KEY (`content_type_id`) REFERENCES `django_content_type` (`id`),
  CONSTRAINT `django_admin_log_user_id_c564eba6_fk_auth_user_id` FOREIGN KEY (`user_id`) REFERENCES `auth_user` (`id`)
) ENGINE=InnoDB DEFAULT CHARSET=latin1;
/*!40101 SET character_set_client = @saved_cs_client */;

--
-- Dumping data for table `django_admin_log`
--

LOCK TABLES `django_admin_log` WRITE;
/*!40000 ALTER TABLE `django_admin_log` DISABLE KEYS */;
/*!40000 ALTER TABLE `django_admin_log` ENABLE KEYS */;
UNLOCK TABLES;

--
-- Table structure for table `django_content_type`
--

DROP TABLE IF EXISTS `django_content_type`;
/*!40101 SET @saved_cs_client     = @@character_set_client */;
/*!40101 SET character_set_client = utf8 */;
CREATE TABLE `django_content_type` (
  `id` int(11) NOT NULL AUTO_INCREMENT,
  `app_label` varchar(100) NOT NULL,
  `model` varchar(100) NOT NULL,
  PRIMARY KEY (`id`),
  UNIQUE KEY `django_content_type_app_label_model_76bd3d3b_uniq` (`app_label`,`model`)
) ENGINE=InnoDB AUTO_INCREMENT=14 DEFAULT CHARSET=latin1;
/*!40101 SET character_set_client = @saved_cs_client */;

--
-- Dumping data for table `django_content_type`
--

LOCK TABLES `django_content_type` WRITE;
/*!40000 ALTER TABLE `django_content_type` DISABLE KEYS */;
INSERT INTO `django_content_type` VALUES (8,'admin','logentry'),(10,'auth','group'),(9,'auth','permission'),(11,'auth','user'),(12,'contenttypes','contenttype'),(1,'DServerAPP','choice'),(3,'DServerAPP','clubs'),(4,'DServerAPP','gameid'),(7,'DServerAPP','historygame'),(5,'DServerAPP','player'),(2,'DServerAPP','question'),(6,'DServerAPP','score'),(13,'sessions','session');
/*!40000 ALTER TABLE `django_content_type` ENABLE KEYS */;
UNLOCK TABLES;

--
-- Table structure for table `django_migrations`
--

DROP TABLE IF EXISTS `django_migrations`;
/*!40101 SET @saved_cs_client     = @@character_set_client */;
/*!40101 SET character_set_client = utf8 */;
CREATE TABLE `django_migrations` (
  `id` int(11) NOT NULL AUTO_INCREMENT,
  `app` varchar(255) NOT NULL,
  `name` varchar(255) NOT NULL,
  `applied` datetime(6) NOT NULL,
  PRIMARY KEY (`id`)
) ENGINE=InnoDB AUTO_INCREMENT=28 DEFAULT CHARSET=latin1;
/*!40101 SET character_set_client = @saved_cs_client */;

--
-- Dumping data for table `django_migrations`
--

LOCK TABLES `django_migrations` WRITE;
/*!40000 ALTER TABLE `django_migrations` DISABLE KEYS */;
INSERT INTO `django_migrations` VALUES (1,'DServerAPP','0001_initial','2018-10-09 02:26:26.531859'),(2,'DServerAPP','0002_auto_20180908_0911','2018-10-09 02:26:26.695411'),(3,'DServerAPP','0003_auto_20180911_1138','2018-10-09 02:26:26.719245'),(4,'DServerAPP','0004_auto_20180922_1123','2018-10-09 02:26:26.810728'),(5,'DServerAPP','0005_player_introducer','2018-10-09 02:26:26.842651'),(6,'DServerAPP','0006_auto_20180923_1503','2018-10-09 02:26:26.869800'),(7,'DServerAPP','0007_historygame','2018-10-09 02:26:26.909002'),(8,'DServerAPP','0008_auto_20180924_1217','2018-10-09 02:26:26.956093'),(9,'DServerAPP','0009_auto_20180924_1441','2018-10-09 02:26:26.985553'),(10,'DServerAPP','0010_auto_20180924_1441','2018-10-09 02:26:27.015418'),(11,'DServerAPP','0011_auto_20181002_1809','2018-10-09 02:26:27.084740'),(12,'DServerAPP','0012_auto_20181009_0225','2018-10-09 02:26:27.279695'),(13,'contenttypes','0001_initial','2018-10-09 02:26:27.339426'),(14,'auth','0001_initial','2018-10-09 02:26:27.740404'),(15,'admin','0001_initial','2018-10-09 02:26:27.806562'),(16,'admin','0002_logentry_remove_auto_add','2018-10-09 02:26:27.817568'),(17,'admin','0003_logentry_add_action_flag_choices','2018-10-09 02:26:27.829115'),(18,'contenttypes','0002_remove_content_type_name','2018-10-09 02:26:27.895004'),(19,'auth','0002_alter_permission_name_max_length','2018-10-09 02:26:27.921525'),(20,'auth','0003_alter_user_email_max_length','2018-10-09 02:26:27.952499'),(21,'auth','0004_alter_user_username_opts','2018-10-09 02:26:27.966159'),(22,'auth','0005_alter_user_last_login_null','2018-10-09 02:26:27.996851'),(23,'auth','0006_require_contenttypes_0002','2018-10-09 02:26:28.000550'),(24,'auth','0007_alter_validators_add_error_messages','2018-10-09 02:26:28.010580'),(25,'auth','0008_alter_user_username_max_length','2018-10-09 02:26:28.039755'),(26,'auth','0009_alter_user_last_name_max_length','2018-10-09 02:26:28.070266'),(27,'sessions','0001_initial','2018-10-09 02:26:28.119945');
/*!40000 ALTER TABLE `django_migrations` ENABLE KEYS */;
UNLOCK TABLES;

--
-- Table structure for table `django_session`
--

DROP TABLE IF EXISTS `django_session`;
/*!40101 SET @saved_cs_client     = @@character_set_client */;
/*!40101 SET character_set_client = utf8 */;
CREATE TABLE `django_session` (
  `session_key` varchar(40) NOT NULL,
  `session_data` longtext NOT NULL,
  `expire_date` datetime(6) NOT NULL,
  PRIMARY KEY (`session_key`),
  KEY `django_session_expire_date_a5c62663` (`expire_date`)
) ENGINE=InnoDB DEFAULT CHARSET=latin1;
/*!40101 SET character_set_client = @saved_cs_client */;

--
-- Dumping data for table `django_session`
--

LOCK TABLES `django_session` WRITE;
/*!40000 ALTER TABLE `django_session` DISABLE KEYS */;
INSERT INTO `django_session` VALUES ('1g8q4ymid14magz3y7a8y8g8dyc762bz','NzYyMTBjMDg1MTlhOWI5MGUwYWVhNTQzM2VmZWQxOTI2MmNmNjIwODp7ImxvZ2luIjp0cnVlLCJjbHViIjoicXVkYW8ifQ==','2018-10-31 08:18:32.651652'),('40i91855a8t4zofdi7io6slr7bs8ib2a','M2ViZTliMTRhOWYyZjhhNDFhOTFmY2VhYWQ0MTI3YjIxN2I2NGVkMzp7ImxvZ2luIjp0cnVlfQ==','2018-10-25 07:41:23.713194'),('blr6okd2uhwcogo9nzxnars610v99log','MjExMDljNTEwMjFmMWYwZWJjZjU5YTdjNjZmMjY0YWU1NGRkMmI4ZDp7ImxvZ2luIjp0cnVlLCJjbHViIjoiMTg4MTEzMzM5NjQifQ==','2018-11-01 15:56:55.547708'),('bo23r1yjtk2pvqmiqs6a992nsxjby5eg','MjExMDljNTEwMjFmMWYwZWJjZjU5YTdjNjZmMjY0YWU1NGRkMmI4ZDp7ImxvZ2luIjp0cnVlLCJjbHViIjoiMTg4MTEzMzM5NjQifQ==','2018-10-30 14:48:03.041303'),('gmxe0ocxu6zyn79fhd9dyw35kmxxf1pw','MjExMDljNTEwMjFmMWYwZWJjZjU5YTdjNjZmMjY0YWU1NGRkMmI4ZDp7ImxvZ2luIjp0cnVlLCJjbHViIjoiMTg4MTEzMzM5NjQifQ==','2018-10-31 07:42:50.790516'),('gwf6cp7l8atrnyj9qbhyrw6dixpnfgx2','NzYyMTBjMDg1MTlhOWI5MGUwYWVhNTQzM2VmZWQxOTI2MmNmNjIwODp7ImxvZ2luIjp0cnVlLCJjbHViIjoicXVkYW8ifQ==','2018-11-01 03:14:07.876399'),('qy339tcne6qg41d99ypq6i8kvzdte0lo','NzYyMTBjMDg1MTlhOWI5MGUwYWVhNTQzM2VmZWQxOTI2MmNmNjIwODp7ImxvZ2luIjp0cnVlLCJjbHViIjoicXVkYW8ifQ==','2018-11-01 09:03:11.617636'),('thx0fng923bo0773eo3zqs5zul3ku8ig','MjExMDljNTEwMjFmMWYwZWJjZjU5YTdjNjZmMjY0YWU1NGRkMmI4ZDp7ImxvZ2luIjp0cnVlLCJjbHViIjoiMTg4MTEzMzM5NjQifQ==','2018-11-01 16:03:42.564861'),('zcademcqr73waghkw681ng260palv2vr','NzYyMTBjMDg1MTlhOWI5MGUwYWVhNTQzM2VmZWQxOTI2MmNmNjIwODp7ImxvZ2luIjp0cnVlLCJjbHViIjoicXVkYW8ifQ==','2018-11-03 05:42:33.480408');
/*!40000 ALTER TABLE `django_session` ENABLE KEYS */;
UNLOCK TABLES;
/*!40103 SET TIME_ZONE=@OLD_TIME_ZONE */;

/*!40101 SET SQL_MODE=@OLD_SQL_MODE */;
/*!40014 SET FOREIGN_KEY_CHECKS=@OLD_FOREIGN_KEY_CHECKS */;
/*!40014 SET UNIQUE_CHECKS=@OLD_UNIQUE_CHECKS */;
/*!40101 SET CHARACTER_SET_CLIENT=@OLD_CHARACTER_SET_CLIENT */;
/*!40101 SET CHARACTER_SET_RESULTS=@OLD_CHARACTER_SET_RESULTS */;
/*!40101 SET COLLATION_CONNECTION=@OLD_COLLATION_CONNECTION */;
/*!40111 SET SQL_NOTES=@OLD_SQL_NOTES */;

-- Dump completed on 2018-10-21 16:07:24
